Workbook

Sheet Lucario
A1: 0 | B1: 0 | C1: 0 | D1: 0 | E1: 0 | F1: 0 | G1: 0 | H1: 0 | I1: 0 | J1: 1 | K1: 0 | L1: 0 | M1: 0 | N1: 0 | O1: 0 | P1: 0 | Q1: 0 | R1: 1 | S1: 0 | T1: 0 | U1: 0 | V1: 0 | W1: 0 | X1: 0 | Y1: 0 | Z1: 0 | AA1: 0 | AB1: 0 | AC1: 0 | AD1: 0 | AE1: 0 | AF1: 0 | AG1: 0 | AH1: 0 | AI1: 0 | AJ1: 0
A2: 0 | B2: 0 | C2: 0 | D2: 0 | E2: 0 | F2: 0 | G2: 0 | H2: 0 | I2: 1 | J2: 2 | K2: 1 | L2: 0 | M2: 0 | N2: 0 | O2: 0 | P2: 0 | Q2: 1 | R2: 3 | S2: 1 | T2: 0 | U2: 0 | V2: 0 | W2: 0 | X2: 0 | Y2: 0 | Z2: 0 | AA2: 0 | AB2: 0 | AC2: 0 | AD2: 0 | AE2: 0 | AF2: 0 | AG2: 0 | AH2: 0 | AI2: 0 | AJ2: 0
A3: 0 | B3: 0 | C3: 0 | D3: 0 | E3: 0 | F3: 0 | G3: 0 | H3: 0 | I3: 1 | J3: 2 | K3: 2 | L3: 1 | M3: 0 | N3: 0 | O3: 0 | P3: 0 | Q3: 1 | R3: 3 | S3: 1 | T3: 0 | U3: 0 | V3: 0 | W3: 0 | X3: 0 | Y3: 0 | Z3: 0 | AA3: 0 | AB3: 0 | AC3: 0 | AD3: 0 | AE3: 0 | AF3: 0 | AG3: 0 | AH3: 0 | AI3: 0 | AJ3: 0
A4: 0 | B4: 0 | C4: 0 | D4: 0 | E4: 0 | F4: 0 | G4: 0 | H4: 0 | I4: 1 | J4: 2 | K4: 2 | L4: 1 | M4: 0 | N4: 0 | O4: 0 | P4: 1 | Q4: 3 | R4: 3 | S4: 1 | T4: 0 | U4: 0 | V4: 0 | W4: 0 | X4: 0 | Y4: 0 | Z4: 0 | AA4: 0 | AB4: 0 | AC4: 0 | AD4: 0 | AE4: 0 | AF4: 0 | AG4: 0 | AH4: 0 | AI4: 0 | AJ4: 0
A5: 0 | B5: 0 | C5: 0 | D5: 0 | E5: 0 | F5: 0 | G5: 0 | H5: 0 | I5: 1 | J5: 4 | K5: 2 | L5: 2 | M5: 1 | N5: 0 | O5: 0 | P5: 1 | Q5: 3 | R5: 3 | S5: 3 | T5: 1 | U5: 0 | V5: 0 | W5: 0 | X5: 0 | Y5: 0 | Z5: 0 | AA5: 0 | AB5: 0 | AC5: 0 | AD5: 0 | AE5: 0 | AF5: 0 | AG5: 0 | AH5: 0 | AI5: 0 | AJ5: 0
A6: 0 | B6: 0 | C6: 0 | D6: 0 | E6: 0 | F6: 0 | G6: 0 | H6: 0 | I6: 1 | J6: 4 | K6: 4 | L6: 2 | M6: 1 | N6: 0 | O6: 1 | P6: 3 | Q6: 4 | R6: 3 | S6: 3 | T6: 1 | U6: 0 | V6: 0 | W6: 0 | X6: 0 | Y6: 0 | Z6: 0 | AA6: 0 | AB6: 0 | AC6: 0 | AD6: 0 | AE6: 0 | AF6: 0 | AG6: 0 | AH6: 0 | AI6: 0 | AJ6: 0
A7: 0 | B7: 0 | C7: 0 | D7: 0 | E7: 0 | F7: 0 | G7: 0 | H7: 0 | I7: 0 | J7: 1 | K7: 4 | L7: 2 | M7: 2 | N7: 1 | O7: 4 | P7: 3 | Q7: 4 | R7: 5 | S7: 3 | T7: 1 | U7: 0 | V7: 0 | W7: 0 | X7: 0 | Y7: 0 | Z7: 0 | AA7: 0 | AB7: 0 | AC7: 0 | AD7: 0 | AE7: 0 | AF7: 0 | AG7: 0 | AH7: 0 | AI7: 0 | AJ7: 0
A8: 0 | B8: 0 | C8: 0 | D8: 0 | E8: 0 | F8: 0 | G8: 0 | H8: 0 | I8: 0 | J8: 1 | K8: 4 | L8: 4 | M8: 4 | N8: 5 | O8: 5 | P8: 3 | Q8: 4 | R8: 4 | S8: 3 | T8: 1 | U8: 0 | V8: 0 | W8: 0 | X8: 0 | Y8: 0 | Z8: 0 | AA8: 0 | AB8: 0 | AC8: 0 | AD8: 0 | AE8: 0 | AF8: 0 | AG8: 0 | AH8: 0 | AI8: 0 | AJ8: 0
A9: 0 | B9: 0 | C9: 0 | D9: 0 | E9: 0 | F9: 0 | G9: 0 | H9: 0 | I9: 0 | J9: 0 | K9: 1 | L9: 3 | M9: 5 | N9: 5 | O9: 3 | P9: 4 | Q9: 5 | R9: 4 | S9: 3 | T9: 3 | U9: 1 | V9: 0 | W9: 0 | X9: 0 | Y9: 0 | Z9: 0 | AA9: 0 | AB9: 0 | AC9: 0 | AD9: 0 | AE9: 0 | AF9: 0 | AG9: 0 | AH9: 0 | AI9: 0 | AJ9: 0
A10: 0 | B10: 0 | C10: 0 | D10: 0 | E10: 0 | F10: 0 | G10: 0 | H10: 0 | I10: 0 | J10: 1 | K10: 3 | L10: 5 | M10: 5 | N10: 5 | O10: 3 | P10: 3 | Q10: 3 | R10: 4 | S10: 3 | T10: 2 | U10: 4 | V10: 1 | W10: 0 | X10: 0 | Y10: 0 | Z10: 0 | AA10: 0 | AB10: 0 | AC10: 0 | AD10: 0 | AE10: 0 | AF10: 0 | AG10: 0 | AH10: 0 | AI10: 0 | AJ10: 0
A11: 0 | B11: 0 | C11: 0 | D11: 0 | E11: 0 | F11: 0 | G11: 0 | H11: 0 | I11: 1 | J11: 3 | K11: 3 | L11: 5 | M11: 5 | N11: 3 | O11: 3 | P11: 3 | Q11: 3 | R11: 3 | S11: 5 | T11: 5 | U11: 4 | V11: 4 | W11: 1 | X11: 0 | Y11: 0 | Z11: 0 | AA11: 0 | AB11: 0 | AC11: 0 | AD11: 0 | AE11: 0 | AF11: 0 | AG11: 0 | AH11: 0 | AI11: 0 | AJ11: 0
A12: 0 | B12: 0 | C12: 0 | D12: 0 | E12: 0 | F12: 0 | G12: 0 | H12: 0 | I12: 1 | J12: 3 | K12: 3 | L12: 5 | M12: 5 | N12: 3 | O12: 3 | P12: 3 | Q12: 4 | R12: 4 | S12: 5 | T12: 5 | U12: 5 | V12: 4 | W12: 5 | X12: 1 | Y12: 0 | Z12: 0 | AA12: 0 | AB12: 0 | AC12: 0 | AD12: 0 | AE12: 0 | AF12: 0 | AG12: 0 | AH12: 0 | AI12: 0 | AJ12: 0
... A36: 0 | B36: 0 | C36: 0 | D36: 0 | E36: 0 | F36: 0 | G36: 0 | H36: 0 | I36: 0 | J36: 0 | K36: 0 | L36: 0 | M36: 0 | N36: 0 | O36: 0 | P36: 0 | Q36: 0 | R36: 0 | S36: 0 | T36: 1 | U36: 1 | V36: 1 | W36: 1 | X36: 0 | Y36: 0 | Z36: 0 | AA36: 0 | AB36: 0 | AC36: 0 | AD36: 0 | AE36: 0 | AF36: 0 | AG36: 0 | AH36: 0 | AI36: 0 | AJ36: 0

Sheet transpuestaA
A1: {=TRANSPOSE(Lucario!A1:AK36)} -> 0 | B1: 0 | C1: 0 | D1: 0 | E1: 0 | F1: 0 | G1: 0 | H1: 0 | I1: 0 | J1: 0 | K1: 0 | L1: 0 | M1: 0 | N1: 0 | O1: 0 | P1: 0 | Q1: 0 | R1: 0 | S1: 0 | T1: 0 | U1: 0 | V1: 0 | W1: 0 | X1: 0 | Y1: 0 | Z1: 0 | AA1: 0 | AB1: 0 | AC1: 0 | AD1: 0 | AE1: 0 | AF1: 0 | AG1: 0 | AH1: 0 | AI1: 0 | AJ1: 0
A2: 0 | B2: 0 | C2: 0 | D2: 0 | E2: 0 | F2: 0 | G2: 0 | H2: 0 | I2: 0 | J2: 0 | K2: 0 | L2: 0 | M2: 0 | N2: 0 | O2: 0 | P2: 0 | Q2: 0 | R2: 0 | S2: 0 | T2: 0 | U2: 0 | V2: 0 | W2: 0 | X2: 0 | Y2: 0 | Z2: 0 | AA2: 0 | AB2: 0 | AC2: 0 | AD2: 0 | AE2: 0 | AF2: 0 | AG2: 0 | AH2: 0 | AI2: 0 | AJ2: 0
A3: 0 | B3: 0 | C3: 0 | D3: 0 | E3: 0 | F3: 0 | G3: 0 | H3: 0 | I3: 0 | J3: 0 | K3: 0 | L3: 0 | M3: 0 | N3: 0 | O3: 0 | P3: 0 | Q3: 0 | R3: 0 | S3: 0 | T3: 0 | U3: 0 | V3: 0 | W3: 0 | X3: 0 | Y3: 0 | Z3: 0 | AA3: 0 | AB3: 0 | AC3: 0 | AD3: 0 | AE3: 0 | AF3: 0 | AG3: 0 | AH3: 0 | AI3: 0 | AJ3: 0
A4: 0 | B4: 0 | C4: 0 | D4: 0 | E4: 0 | F4: 0 | G4: 0 | H4: 0 | I4: 0 | J4: 0 | K4: 0 | L4: 0 | M4: 0 | N4: 0 | O4: 0 | P4: 0 | Q4: 0 | R4: 0 | S4: 0 | T4: 0 | U4: 0 | V4: 0 | W4: 0 | X4: 0 | Y4: 0 | Z4: 0 | AA4: 0 | AB4: 0 | AC4: 0 | AD4: 0 | AE4: 0 | AF4: 0 | AG4: 0 | AH4: 0 | AI4: 0 | AJ4: 0
A5: 0 | B5: 0 | C5: 0 | D5: 0 | E5: 0 | F5: 0 | G5: 0 | H5: 0 | I5: 0 | J5: 0 | K5: 0 | L5: 0 | M5: 0 | N5: 0 | O5: 0 | P5: 0 | Q5: 0 | R5: 0 | S5: 0 | T5: 0 | U5: 0 | V5: 0 | W5: 0 | X5: 0 | Y5: 0 | Z5: 0 | AA5: 0 | AB5: 0 | AC5: 0 | AD5: 0 | AE5: 0 | AF5: 0 | AG5: 0 | AH5: 0 | AI5: 0 | AJ5: 0
A6: 0 | B6: 0 | C6: 0 | D6: 0 | E6: 0 | F6: 0 | G6: 0 | H6: 0 | I6: 0 | J6: 0 | K6: 0 | L6: 0 | M6: 0 | N6: 0 | O6: 0 | P6: 0 | Q6: 0 | R6: 0 | S6: 0 | T6: 0 | U6: 0 | V6: 0 | W6: 0 | X6: 0 | Y6: 0 | Z6: 1 | AA6: 0 | AB6: 0 | AC6: 0 | AD6: 0 | AE6: 0 | AF6: 0 | AG6: 0 | AH6: 0 | AI6: 0 | AJ6: 0
A7: 0 | B7: 0 | C7: 0 | D7: 0 | E7: 0 | F7: 0 | G7: 0 | H7: 0 | I7: 0 | J7: 0 | K7: 0 | L7: 0 | M7: 0 | N7: 0 | O7: 0 | P7: 0 | Q7: 0 | R7: 0 | S7: 0 | T7: 0 | U7: 0 | V7: 0 | W7: 0 | X7: 0 | Y7: 1 | Z7: 6 | AA7: 1 | AB7: 1 | AC7: 0 | AD7: 0 | AE7: 0 | AF7: 0 | AG7: 0 | AH7: 0 | AI7: 0 | AJ7: 0
A8: 0 | B8: 0 | C8: 0 | D8: 0 | E8: 0 | F8: 0 | G8: 0 | H8: 0 | I8: 0 | J8: 0 | K8: 0 | L8: 0 | M8: 0 | N8: 0 | O8: 0 | P8: 0 | Q8: 0 | R8: 0 | S8: 0 | T8: 0 | U8: 0 | V8: 0 | W8: 0 | X8: 0 | Y8: 1 | Z8: 6 | AA8: 6 | AB8: 4 | AC8: 1 | AD8: 0 | AE8: 0 | AF8: 0 | AG8: 1 | AH8: 0 | AI8: 0 | AJ8: 0
A9: 0 | B9: 1 | C9: 1 | D9: 1 | E9: 1 | F9: 1 | G9: 0 | H9: 0 | I9: 0 | J9: 0 | K9: 1 | L9: 1 | M9: 1 | N9: 0 | O9: 0 | P9: 1 | Q9: 1 | R9: 0 | S9: 0 | T9: 0 | U9: 0 | V9: 0 | W9: 0 | X9: 1 | Y9: 5 | Z9: 6 | AA9: 4 | AB9: 5 | AC9: 1 | AD9: 0 | AE9: 0 | AF9: 1 | AG9: 5 | AH9: 1 | AI9: 0 | AJ9: 0
A10: 1 | B10: 2 | C10: 2 | D10: 2 | E10: 4 | F10: 4 | G10: 1 | H10: 1 | I10: 0 | J10: 1 | K10: 3 | L10: 3 | M10: 5 | N10: 1 | O10: 1 | P10: 5 | Q10: 4 | R10: 1 | S10: 0 | T10: 0 | U10: 0 | V10: 0 | W10: 1 | X10: 5 | Y10: 5 | Z10: 5 | AA10: 5 | AB10: 4 | AC10: 4 | AD10: 1 | AE10: 0 | AF10: 1 | AG10: 4 | AH10: 1 | AI10: 0 | AJ10: 0
A11: 0 | B11: 1 | C11: 2 | D11: 2 | E11: 2 | F11: 4 | G11: 4 | H11: 4 | I11: 1 | J11: 3 | K11: 3 | L11: 3 | M11: 3 | N11: 5 | O11: 4 | P11: 5 | Q11: 5 | R11: 1 | S11: 0 | T11: 0 | U11: 1 | V11: 1 | W11: 2 | X11: 5 | Y11: 5 | Z11: 4 | AA11: 4 | AB11: 2 | AC11: 4 | AD11: 5 | AE11: 1 | AF11: 5 | AG11: 5 | AH11: 1 | AI11: 0 | AJ11: 0
A12: 0 | B12: 0 | C12: 1 | D12: 1 | E12: 2 | F12: 2 | G12: 2 | H12: 4 | I12: 3 | J12: 5 | K12: 5 | L12: 5 | M12: 5 | N12: 5 | O12: 5 | P12: 5 | Q12: 5 | R12: 1 | S12: 0 | T12: 1 | U12: 2 | V12: 4 | W12: 2 | X12: 2 | Y12: 4 | Z12: 2 | AA12: 2 | AB12: 2 | AC12: 2 | AD12: 4 | AE12: 5 | AF12: 5 | AG12: 5 | AH12: 1 | AI12: 0 | AJ12: 0
A13: 0 | B13: 0 | C13: 0 | D13: 0 | E13: 1 | F13: 1 | G13: 2 | H13: 4 | I13: 5 | J13: 5 | K13: 5 | L13: 5 | M13: 5 | N13: 5 | O13: 5 | P13: 5 | Q13: 5 | R13: 3 | S13: 1 | T13: 5 | U13: 4 | V13: 6 | W13: 4 | X13: 4 | Y13: 5 | Z13: 2 | AA13: 2 | AB13: 2 | AC13: 2 | AD13: 4 | AE13: 1 | AF13: 5 | AG13: 1 | AH13: 0 | AI13: 0 | AJ13: 0
... A37: 0 | B37: 0 | C37: 0 | D37: 0 | E37: 0 | F37: 0 | G37: 0 | H37: 0 | I37: 0 | J37: 0 | K37: 0 | L37: 0 | M37: 0 | N37: 0 | O37: 0 | P37: 0 | Q37: 0 | R37: 0 | S37: 0 | T37: 0 | U37: 0 | V37: 0 | W37: 0 | X37: 0 | Y37: 0 | Z37: 0 | AA37: 0 | AB37: 0 | AC37: 0 | AD37: 0 | AE37: 0 | AF37: 0 | AG37: 0 | AH37: 0 | AI37: 0 | AJ37: 0

Sheet Charizar
A1: 0 | B1: 0 | C1: 0 | D1: 0 | E1: 0 | F1: 0 | G1: 0 | H1: 0 | I1: 0 | J1: 0 | K1: 0 | L1: 0 | M1: 0 | N1: 0 | O1: 0 | P1: 0 | Q1: 0 | R1: 0 | S1: 0 | T1: 0 | U1: 0 | V1: 0 | W1: 0 | X1: 0 | Y1: 0 | Z1: 0 | AA1: 0 | AB1: 0 | AC1: 0 | AD1: 0 | AE1: 0 | AF1: 0 | AG1: 0 | AH1: 0 | AI1: 0 | AJ1: 0
A2: 0 | B2: 0 | C2: 0 | D2: 0 | E2: 0 | F2: 0 | G2: 0 | H2: 0 | I2: 0 | J2: 0 | K2: 0 | L2: 0 | M2: 0 | N2: 0 | O2: 0 | P2: 0 | Q2: 0 | R2: 0 | S2: 0 | T2: 0 | U2: 0 | V2: 0 | W2: 0 | X2: 0 | Y2: 0 | Z2: 0 | AA2: 0 | AB2: 0 | AC2: 0 | AD2: 0 | AE2: 0 | AF2: 0 | AG2: 0 | AH2: 0 | AI2: 0 | AJ2: 0
A3: 0 | B3: 0 | C3: 0 | D3: 0 | E3: 0 | F3: 0 | G3: 0 | H3: 0 | I3: 0 | J3: 0 | K3: 0 | L3: 0 | M3: 0 | N3: 0 | O3: 0 | P3: 0 | Q3: 0 | R3: 0 | S3: 0 | T3: 0 | U3: 0 | V3: 0 | W3: 0 | X3: 0 | Y3: 0 | Z3: 0 | AA3: 0 | AB3: 0 | AC3: 0 | AD3: 0 | AE3: 0 | AF3: 0 | AG3: 0 | AH3: 0 | AI3: 0 | AJ3: 0
A4: 0 | B4: 0 | C4: 0 | D4: 0 | E4: 0 | F4: 0 | G4: 0 | H4: 0 | I4: 0 | J4: 0 | K4: 0 | L4: 0 | M4: 0 | N4: 1 | O4: 1 | P4: 1 | Q4: 0 | R4: 0 | S4: 0 | T4: 1 | U4: 1 | V4: 1 | W4: 0 | X4: 0 | Y4: 0 | Z4: 0 | AA4: 0 | AB4: 0 | AC4: 0 | AD4: 0 | AE4: 0 | AF4: 0 | AG4: 0 | AH4: 0 | AI4: 0 | AJ4: 0
A5: 0 | B5: 0 | C5: 0 | D5: 0 | E5: 0 | F5: 0 | G5: 0 | H5: 0 | I5: 0 | J5: 0 | K5: 0 | L5: 1 | M5: 1 | N5: 12 | O5: 12 | P5: 1 | Q5: 0 | R5: 0 | S5: 0 | T5: 1 | U5: 12 | V5: 12 | W5: 1 | X5: 1 | Y5: 1 | Z5: 0 | AA5: 0 | AB5: 0 | AC5: 0 | AD5: 0 | AE5: 0 | AF5: 0 | AG5: 0 | AH5: 0 | AI5: 0 | AJ5: 0
A6: 0 | B6: 0 | C6: 0 | D6: 0 | E6: 0 | F6: 0 | G6: 0 | H6: 0 | I6: 0 | J6: 1 | K6: 1 | L6: 12 | M6: 12 | N6: 12 | O6: 1 | P6: 0 | Q6: 0 | R6: 0 | S6: 0 | T6: 0 | U6: 1 | V6: 12 | W6: 12 | X6: 12 | Y6: 12 | Z6: 1 | AA6: 1 | AB6: 0 | AC6: 0 | AD6: 0 | AE6: 0 | AF6: 0 | AG6: 0 | AH6: 0 | AI6: 0 | AJ6: 0
A7: 0 | B7: 0 | C7: 0 | D7: 0 | E7: 0 | F7: 0 | G7: 0 | H7: 0 | I7: 1 | J7: 12 | K7: 12 | L7: 12 | M7: 12 | N7: 1 | O7: 0 | P7: 0 | Q7: 0 | R7: 0 | S7: 0 | T7: 0 | U7: 1 | V7: 12 | W7: 1 | X7: 1 | Y7: 1 | Z7: 12 | AA7: 12 | AB7: 1 | AC7: 0 | AD7: 0 | AE7: 0 | AF7: 0 | AG7: 0 | AH7: 0 | AI7: 0 | AJ7: 0
A8: 0 | B8: 0 | C8: 0 | D8: 0 | E8: 0 | F8: 0 | G8: 0 | H8: 1 | I8: 12 | J8: 12 | K8: 12 | L8: 12 | M8: 12 | N8: 1 | O8: 0 | P8: 0 | Q8: 0 | R8: 0 | S8: 0 | T8: 0 | U8: 1 | V8: 12 | W8: 1 | X8: 14 | Y8: 14 | Z8: 1 | AA8: 1 | AB8: 12 | AC8: 1 | AD8: 0 | AE8: 0 | AF8: 0 | AG8: 0 | AH8: 0 | AI8: 0 | AJ8: 0
A9: 0 | B9: 0 | C9: 0 | D9: 0 | E9: 0 | F9: 1 | G9: 1 | H9: 1 | I9: 12 | J9: 1 | K9: 6 | L9: 12 | M9: 12 | N9: 12 | O9: 1 | P9: 0 | Q9: 0 | R9: 0 | S9: 0 | T9: 0 | U9: 1 | V9: 12 | W9: 1 | X9: 14 | Y9: 14 | Z9: 14 | AA9: 14 | AB9: 1 | AC9: 12 | AD9: 1 | AE9: 0 | AF9: 0 | AG9: 0 | AH9: 0 | AI9: 0 | AJ9: 0
A10: 0 | B10: 0 | C10: 0 | D10: 0 | E10: 1 | F10: 12 | G10: 12 | H10: 12 | I10: 12 | J10: 1 | K10: 6 | L10: 12 | M10: 12 | N10: 12 | O10: 12 | P10: 1 | Q10: 0 | R10: 0 | S10: 0 | T10: 0 | U10: 1 | V10: 12 | W10: 1 | X10: 14 | Y10: 14 | Z10: 14 | AA10: 14 | AB10: 14 | AC10: 1 | AD10: 12 | AE10: 1 | AF10: 0 | AG10: 0 | AH10: 0 | AI10: 0 | AJ10: 0
A11: 0 | B11: 0 | C11: 0 | D11: 0 | E11: 1 | F11: 12 | G11: 1 | H11: 12 | I11: 12 | J11: 12 | K11: 12 | L11: 12 | M11: 12 | N11: 12 | O11: 12 | P11: 1 | Q11: 0 | R11: 0 | S11: 0 | T11: 0 | U11: 1 | V11: 12 | W11: 1 | X11: 14 | Y11: 14 | Z11: 14 | AA11: 14 | AB11: 14 | AC11: 1 | AD11: 12 | AE11: 1 | AF11: 0 | AG11: 0 | AH11: 0 | AI11: 0 | AJ11: 0
A12: 0 | B12: 0 | C12: 0 | D12: 0 | E12: 0 | F12: 1 | G12: 1 | H12: 1 | I12: 1 | J12: 1 | K12: 12 | L12: 12 | M12: 1 | N12: 12 | O12: 12 | P12: 12 | Q12: 1 | R12: 0 | S12: 0 | T12: 1 | U12: 12 | V12: 12 | W12: 1 | X12: 14 | Y12: 14 | Z12: 14 | AA12: 14 | AB12: 14 | AC12: 14 | AD12: 1 | AE12: 12 | AF12: 1 | AG12: 0 | AH12: 0 | AI12: 0 | AJ12: 0
... A14: 0 | B14: 0 | C14: 0 | D14: 7 | E14: 7 | F14: 0 | G14: 7 | H14: 1 | I14: 12 | J14: 12 | K14: 1 | L14: 0 | M14: 0 | N14: 1 | O14: 12 | P14: 12 | Q14: 12 | R14: 1 | S14: 1 | T14: 12 | U14: 12 | V14: 1 | W14: 14 | X14: 14 | Y14: 14 | Z14: 14 | AA14: 14 | AB14: 14 | AC14: 14 | AD14: 14 | AE14: 1 | AF14: 12 | AG14: 1 | AH14: 0 | AI14: 0 | AJ14: 0
A15: 0 | B15: 0 | C15: 7 | D15: 7 | E15: 13 | F15: 7 | G15: 0 | H15: 0 | I15: 1 | J15: 1 | K15: 0 | L15: 0 | M15: 0 | N15: 1 | O15: 12 | P15: 12 | Q15: 12 | R15: 1 | S15: 12 | T15: 12 | U15: 1 | V15: 14 | W15: 14 | X15: 14 | Y15: 14 | Z15: 1 | AA15: 1 | AB15: 1 | AC15: 14 | AD15: 14 | AE15: 1 | AF15: 12 | AG15: 1 | AH15: 0 | AI15: 0 | AJ15: 0 | AP15: 1
A16: 0 | B16: 0 | C16: 0 | D16: 7 | E16: 13 | F16: 13 | G16: 0 | H16: 0 | I16: 0 | J16: 0 | K16: 0 | L16: 0 | M16: 0 | N16: 1 | O16: 12 | P16: 12 | Q16: 12 | R16: 12 | S16: 12 | T16: 1 | U16: 1 | V16: 14 | W16: 14 | X16: 14 | Y16: 1 | Z16: 0 | AA16: 0 | AB16: 0 | AC16: 1 | AD16: 14 | AE16: 1 | AF16: 12 | AG16: 1 | AH16: 0 | AI16: 0 | AJ16: 0
A17: 0 | B17: 0 | C17: 0 | D17: 0 | E17: 7 | F17: 0 | G17: 0 | H17: 0 | I17: 0 | J17: 1 | K17: 1 | L17: 1 | M17: 1 | N17: 12 | O17: 12 | P17: 12 | Q17: 12 | R17: 12 | S17: 12 | T17: 12 | U17: 1 | V17: 14 | W17: 1 | X17: 1 | Y17: 0 | Z17: 0 | AA17: 0 | AB17: 1 | AC17: 0 | AD17: 1 | AE17: 1 | AF17: 12 | AG17: 1 | AH17: 0 | AI17: 0 | AJ17: 0
A18: 0 | B18: 0 | C18: 0 | D18: 0 | E18: 0 | F18: 0 | G18: 0 | H18: 0 | I18: 1 | J18: 12 | K18: 12 | L18: 1 | M18: 1 | N18: 12 | O18: 12 | P18: 12 | Q18: 12 | R18: 1 | S18: 12 | T18: 12 | U18: 12 | V18: 1 | W18: 0 | X18: 0 | Y18: 0 | Z18: 0 | AA18: 1 | AB18: 7 | AC18: 1 | AD18: 0 | AE18: 1 | AF18: 12 | AG18: 1 | AH18: 0 | AI18: 0 | AJ18: 0
A19: 0 | B19: 0 | C19: 0 | D19: 0 | E19: 0 | F19: 0 | G19: 0 | H19: 0 | I19: 1 | J19: 1 | K19: 12 | L19: 1 | M19: 8 | N19: 8 | O19: 12 | P19: 1 | Q19: 1 | R19: 12 | S19: 12 | T19: 1 | U19: 12 | V19: 1 | W19: 0 | X19: 0 | Y19: 0 | Z19: 0 | AA19: 1 | AB19: 7 | AC19: 7 | AD19: 1 | AE19: 0 | AF19: 1 | AG19: 0 | AH19: 0 | AI19: 0 | AJ19: 0
A20: 0 | B20: 0 | C20: 0 | D20: 0 | E20: 0 | F20: 0 | G20: 0 | H20: 0 | I20: 0 | J20: 1 | K20: 1 | L20: 1 | M20: 8 | N20: 8 | O20: 1 | P20: 12 | Q20: 12 | R20: 12 | S20: 12 | T20: 1 | U20: 12 | V20: 12 | W20: 1 | X20: 0 | Y20: 0 | Z20: 0 | AA20: 1 | AB20: 7 | AC20: 13 | AD20: 7 | AE20: 1 | AF20: 0 | AG20: 0 | AH20: 0 | AI20: 0 | AJ20: 0
A21: 0 | B21: 0 | C21: 0 | D21: 0 | E21: 0 | F21: 0 | G21: 0 | H21: 0 | I21: 0 | J21: 0 | K21: 0 | L21: 1 | M21: 8 | N21: 8 | O21: 1 | P21: 6 | Q21: 12 | R21: 12 | S21: 1 | T21: 12 | U21: 12 | V21: 12 | W21: 1 | X21: 0 | Y21: 0 | Z21: 0 | AA21: 0 | AB21: 1 | AC21: 13 | AD21: 7 | AE21: 1 | AF21: 0 | AG21: 0 | AH21: 0 | AI21: 0 | AJ21: 0
A22: 0 | B22: 0 | C22: 0 | D22: 0 | E22: 0 | F22: 0 | G22: 0 | H22: 0 | I22: 0 | J22: 0 | K22: 1 | L22: 12 | M22: 8 | N22: 8 | O22: 8 | P22: 1 | Q22: 1 | R22: 1 | S22: 12 | T22: 12 | U22: 12 | V22: 12 | W22: 12 | X22: 1 | Y22: 0 | Z22: 0 | AA22: 0 | AB22: 0 | AC22: 1 | AD22: 12 | AE22: 1 | AF22: 0 | AG22: 0 | AH22: 0 | AI22: 0 | AJ22: 0
A23: 0 | B23: 0 | C23: 0 | D23: 0 | E23: 0 | F23: 0 | G23: 0 | H23: 0 | I23: 0 | J23: 0 | K23: 1 | L23: 12 | M23: 8 | N23: 8 | O23: 8 | P23: 8 | Q23: 8 | R23: 1 | S23: 12 | T23: 12 | U23: 12 | V23: 12 | W23: 12 | X23: 1 | Y23: 1 | Z23: 1 | AA23: 1 | AB23: 1 | AC23: 12 | AD23: 12 | AE23: 1 | AF23: 0 | AG23: 0 | AH23: 0 | AI23: 0 | AJ23: 0
A24: 0 | B24: 0 | C24: 0 | D24: 0 | E24: 0 | F24: 0 | G24: 0 | H24: 0 | I24: 0 | J24: 0 | K24: 1 | L24: 12 | M24: 1 | N24: 8 | O24: 8 | P24: 8 | Q24: 1 | R24: 12 | S24: 12 | T24: 12 | U24: 12 | V24: 12 | W24: 12 | X24: 1 | Y24: 12 | Z24: 12 | AA24: 12 | AB24: 12 | AC24: 12 | AD24: 1 | AE24: 0 | AF24: 0 | AG24: 0 | AH24: 0 | AI24: 0 | AJ24: 0
A25: 0 | B25: 0 | C25: 0 | D25: 0 | E25: 0 | F25: 0 | G25: 0 | H25: 0 | I25: 0 | J25: 0 | K25: 0 | L25: 1 | M25: 12 | N25: 1 | O25: 8 | P25: 8 | Q25: 1 | R25: 12 | S25: 12 | T25: 12 | U25: 12 | V25: 12 | W25: 12 | X25: 1 | Y25: 12 | Z25: 12 | AA25: 12 | AB25: 12 | AC25: 12 | AD25: 1 | AE25: 0 | AF25: 0 | AG25: 0 | AH25: 0 | AI25: 0 | AJ25: 0
A26: 0 | B26: 0 | C26: 0 | D26: 0 | E26: 0 | F26: 0 | G26: 0 | H26: 0 | I26: 0 | J26: 0 | K26: 0 | L26: 1 | M26: 12 | N26: 12 | O26: 1 | P26: 1 | Q26: 12 | R26: 1 | S26: 12 | T26: 12 | U26: 12 | V26: 12 | W26: 1 | X26: 12 | Y26: 12 | Z26: 12 | AA26: 12 | AB26: 1 | AC26: 1 | AD26: 0 | AE26: 0 | AF26: 0 | AG26: 0 | AH26: 0 | AI26: 0 | AJ26: 0
A27: 0 | B27: 0 | C27: 0 | D27: 0 | E27: 0 | F27: 0 | G27: 0 | H27: 0 | I27: 0 | J27: 0 | K27: 1 | L27: 6 | M27: 12 | N27: 12 | O27: 12 | P27: 1 | Q27: 1 | R27: 1 | S27: 1 | T27: 12 | U27: 12 | V27: 12 | W27: 1 | X27: 1 | Y27: 1 | Z27: 1 | AA27: 1 | AB27: 0 | AC27: 0 | AD27: 0 | AE27: 0 | AF27: 0 | AG27: 0 | AH27: 0 | AI27: 0 | AJ27: 0
... A36: 0 | B36: 0 | C36: 0 | D36: 0 | E36: 0 | F36: 0 | G36: 0 | H36: 0 | I36: 0 | J36: 0 | K36: 0 | L36: 0 | M36: 0 | N36: 0 | O36: 0 | P36: 0 | Q36: 0 | R36: 0 | S36: 0 | T36: 0 | U36: 0 | V36: 0 | W36: 0 | X36: 0 | Y36: 0 | Z36: 0 | AA36: 0 | AB36: 0 | AC36: 0 | AD36: 0 | AE36: 0 | AF36: 0 | AG36: 0 | AH36: 0 | AI36: 0 | AJ36: 0

Sheet transpuestaB
A1: {=TRANSPOSE(Charizar!A1:AK36)} -> 0 | B1: 0 | C1: 0 | D1: 0 | E1: 0 | F1: 0 | G1: 0 | H1: 0 | I1: 0 | J1: 0 | K1: 0 | L1: 0 | M1: 0 | N1: 0 | O1: 0 | P1: 0 | Q1: 0 | R1: 0 | S1: 0 | T1: 0 | U1: 0 | V1: 0 | W1: 0 | X1: 0 | Y1: 0 | Z1: 0 | AA1: 0 | AB1: 0 | AC1: 0 | AD1: 0 | AE1: 0 | AF1: 0 | AG1: 0 | AH1: 0 | AI1: 0 | AJ1: 0
A2: 0 | B2: 0 | C2: 0 | D2: 0 | E2: 0 | F2: 0 | G2: 0 | H2: 0 | I2: 0 | J2: 0 | K2: 0 | L2: 0 | M2: 0 | N2: 0 | O2: 0 | P2: 0 | Q2: 0 | R2: 0 | S2: 0 | T2: 0 | U2: 0 | V2: 0 | W2: 0 | X2: 0 | Y2: 0 | Z2: 0 | AA2: 0 | AB2: 0 | AC2: 0 | AD2: 0 | AE2: 0 | AF2: 0 | AG2: 0 | AH2: 0 | AI2: 0 | AJ2: 0
A3: 0 | B3: 0 | C3: 0 | D3: 0 | E3: 0 | F3: 0 | G3: 0 | H3: 0 | I3: 0 | J3: 0 | K3: 0 | L3: 0 | M3: 0 | N3: 0 | O3: 7 | P3: 0 | Q3: 0 | R3: 0 | S3: 0 | T3: 0 | U3: 0 | V3: 0 | W3: 0 | X3: 0 | Y3: 0 | Z3: 0 | AA3: 0 | AB3: 0 | AC3: 0 | AD3: 0 | AE3: 0 | AF3: 0 | AG3: 0 | AH3: 0 | AI3: 0 | AJ3: 0
A4: 0 | B4: 0 | C4: 0 | D4: 0 | E4: 0 | F4: 0 | G4: 0 | H4: 0 | I4: 0 | J4: 0 | K4: 0 | L4: 0 | M4: 7 | N4: 7 | O4: 7 | P4: 7 | Q4: 0 | R4: 0 | S4: 0 | T4: 0 | U4: 0 | V4: 0 | W4: 0 | X4: 0 | Y4: 0 | Z4: 0 | AA4: 0 | AB4: 0 | AC4: 0 | AD4: 0 | AE4: 0 | AF4: 0 | AG4: 0 | AH4: 0 | AI4: 0 | AJ4: 0
A5: 0 | B5: 0 | C5: 0 | D5: 0 | E5: 0 | F5: 0 | G5: 0 | H5: 0 | I5: 0 | J5: 1 | K5: 1 | L5: 0 | M5: 0 | N5: 7 | O5: 13 | P5: 13 | Q5: 7 | R5: 0 | S5: 0 | T5: 0 | U5: 0 | V5: 0 | W5: 0 | X5: 0 | Y5: 0 | Z5: 0 | AA5: 0 | AB5: 0 | AC5: 0 | AD5: 0 | AE5: 0 | AF5: 0 | AG5: 0 | AH5: 0 | AI5: 0 | AJ5: 0
A6: 0 | B6: 0 | C6: 0 | D6: 0 | E6: 0 | F6: 0 | G6: 0 | H6: 0 | I6: 1 | J6: 12 | K6: 12 | L6: 1 | M6: 0 | N6: 0 | O6: 7 | P6: 13 | Q6: 0 | R6: 0 | S6: 0 | T6: 0 | U6: 0 | V6: 0 | W6: 0 | X6: 0 | Y6: 0 | Z6: 0 | AA6: 0 | AB6: 0 | AC6: 0 | AD6: 0 | AE6: 0 | AF6: 0 | AG6: 0 | AH6: 0 | AI6: 0 | AJ6: 0
A7: 0 | B7: 0 | C7: 0 | D7: 0 | E7: 0 | F7: 0 | G7: 0 | H7: 0 | I7: 1 | J7: 12 | K7: 1 | L7: 1 | M7: 0 | N7: 7 | O7: 0 | P7: 0 | Q7: 0 | R7: 0 | S7: 0 | T7: 0 | U7: 0 | V7: 0 | W7: 0 | X7: 0 | Y7: 0 | Z7: 0 | AA7: 0 | AB7: 0 | AC7: 0 | AD7: 0 | AE7: 0 | AF7: 0 | AG7: 0 | AH7: 0 | AI7: 0 | AJ7: 0
A8: 0 | B8: 0 | C8: 0 | D8: 0 | E8: 0 | F8: 0 | G8: 0 | H8: 1 | I8: 1 | J8: 12 | K8: 12 | L8: 1 | M8: 0 | N8: 1 | O8: 0 | P8: 0 | Q8: 0 | R8: 0 | S8: 0 | T8: 0 | U8: 0 | V8: 0 | W8: 0 | X8: 0 | Y8: 0 | Z8: 0 | AA8: 0 | AB8: 0 | AC8: 0 | AD8: 0 | AE8: 0 | AF8: 0 | AG8: 0 | AH8: 0 | AI8: 0 | AJ8: 0
A9: 0 | B9: 0 | C9: 0 | D9: 0 | E9: 0 | F9: 0 | G9: 1 | H9: 12 | I9: 12 | J9: 12 | K9: 12 | L9: 1 | M9: 1 | N9: 12 | O9: 1 | P9: 0 | Q9: 0 | R9: 1 | S9: 1 | T9: 0 | U9: 0 | V9: 0 | W9: 0 | X9: 0 | Y9: 0 | Z9: 0 | AA9: 0 | AB9: 0 | AC9: 0 | AD9: 0 | AE9: 0 | AF9: 0 | AG9: 0 | AH9: 0 | AI9: 0 | AJ9: 0
A10: 0 | B10: 0 | C10: 0 | D10: 0 | E10: 0 | F10: 1 | G10: 12 | H10: 12 | I10: 1 | J10: 1 | K10: 12 | L10: 1 | M10: 12 | N10: 12 | O10: 1 | P10: 0 | Q10: 1 | R10: 12 | S10: 1 | T10: 1 | U10: 0 | V10: 0 | W10: 0 | X10: 0 | Y10: 0 | Z10: 0 | AA10: 0 | AB10: 0 | AC10: 0 | AD10: 0 | AE10: 0 | AF10: 0 | AG10: 0 | AH10: 0 | AI10: 0 | AJ10: 0
A11: 0 | B11: 0 | C11: 0 | D11: 0 | E11: 0 | F11: 1 | G11: 12 | H11: 12 | I11: 6 | J11: 6 | K11: 12 | L11: 12 | M11: 12 | N11: 1 | O11: 0 | P11: 0 | Q11: 1 | R11: 12 | S11: 12 | T11: 1 | U11: 0 | V11: 1 | W11: 1 | X11: 1 | Y11: 0 | Z11: 0 | AA11: 1 | AB11: 1 | AC11: 0 | AD11: 0 | AE11: 0 | AF11: 0 | AG11: 0 | AH11: 0 | AI11: 0 | AJ11: 0
A12: 0 | B12: 0 | C12: 0 | D12: 0 | E12: 1 | F12: 12 | G12: 12 | H12: 12 | I12: 12 | J12: 12 | K12: 12 | L12: 12 | M12: 1 | N12: 0 | O12: 0 | P12: 0 | Q12: 1 | R12: 1 | S12: 1 | T12: 1 | U12: 1 | V12: 12 | W12: 12 | X12: 12 | Y12: 1 | Z12: 1 | AA12: 6 | AB12: 1 | AC12: 0 | AD12: 0 | AE12: 0 | AF12: 0 | AG12: 0 | AH12: 0 | AI12: 0 | AJ12: 0
A13: 0 | B13: 0 | C13: 0 | D13: 0 | E13: 1 | F13: 12 | G13: 12 | H13: 12 | I13: 12 | J13: 12 | K13: 12 | L13: 1 | M13: 1 | N13: 0 | O13: 0 | P13: 0 | Q13: 1 | R13: 1 | S13: 8 | T13: 8 | U13: 8 | V13: 8 | W13: 8 | X13: 1 | Y13: 12 | Z13: 12 | AA13: 12 | AB13: 1 | AC13: 0 | AD13: 0 | AE13: 0 | AF13: 0 | AG13: 0 | AH13: 0 | AI13: 0 | AJ13: 0
A14: 0 | B14: 0 | C14: 0 | D14: 1 | E14: 12 | F14: 12 | G14: 1 | H14: 1 | I14: 12 | J14: 12 | K14: 12 | L14: 12 | M14: 12 | N14: 1 | O14: 1 | P14: 1 | Q14: 12 | R14: 12 | S14: 8 | T14: 8 | U14: 8 | V14: 8 | W14: 8 | X14: 8 | Y14: 1 | Z14: 12 | AA14: 12 | AB14: 1 | AC14: 0 | AD14: 0 | AE14: 0 | AF14: 0 | AG14: 0 | AH14: 0 | AI14: 0 | AJ14: 0
A15: 0 | B15: 0 | C15: 0 | D15: 1 | E15: 12 | F15: 1 | G15: 0 | H15: 0 | I15: 1 | J15: 12 | K15: 12 | L15: 12 | M15: 12 | N15: 12 | O15: 12 | P15: 12 | Q15: 12 | R15: 12 | S15: 12 | T15: 1 | U15: 1 | V15: 8 | W15: 8 | X15: 8 | Y15: 8 | Z15: 1 | AA15: 12 | AB15: 1 | AC15: 0 | AD15: 0 | AE15: 0 | AF15: 0 | AG15: 0 | AH15: 0 | AI15: 0 | AJ15: 0 | AP15: 1
A16: 0 | B16: 0 | C16: 0 | D16: 1 | E16: 1 | F16: 0 | G16: 0 | H16: 0 | I16: 0 | J16: 1 | K16: 1 | L16: 12 | M16: 12 | N16: 12 | O16: 12 | P16: 12 | Q16: 12 | R16: 12 | S16: 1 | T16: 12 | U16: 6 | V16: 1 | W16: 8 | X16: 8 | Y16: 8 | Z16: 1 | AA16: 1 | AB16: 0 | AC16: 0 | AD16: 0 | AE16: 0 | AF16: 0 | AG16: 0 | AH16: 0 | AI16: 0 | AJ16: 0
A17: 0 | B17: 0 | C17: 0 | D17: 0 | E17: 0 | F17: 0 | G17: 0 | H17: 0 | I17: 0 | J17: 0 | K17: 0 | L17: 1 | M17: 1 | N17: 12 | O17: 12 | P17: 12 | Q17: 12 | R17: 12 | S17: 1 | T17: 12 | U17: 12 | V17: 1 | W17: 8 | X17: 1 | Y17: 1 | Z17: 12 | AA17: 1 | AB17: 0 | AC17: 0 | AD17: 0 | AE17: 0 | AF17: 0 | AG17: 0 | AH17: 0 | AI17: 0 | AJ17: 0
A18: 0 | B18: 0 | C18: 0 | D18: 0 | E18: 0 | F18: 0 | G18: 0 | H18: 0 | I18: 0 | J18: 0 | K18: 0 | L18: 0 | M18: 0 | N18: 1 | O18: 1 | P18: 12 | Q18: 12 | R18: 1 | S18: 12 | T18: 12 | U18: 12 | V18: 1 | W18: 1 | X18: 12 | Y18: 12 | Z18: 1 | AA18: 1 | AB18: 1 | AC18: 0 | AD18: 0 | AE18: 0 | AF18: 0 | AG18: 0 | AH18: 0 | AI18: 0 | AJ18: 0
A19: 0 | B19: 0 | C19: 0 | D19: 0 | E19: 0 | F19: 0 | G19: 0 | H19: 0 | I19: 0 | J19: 0 | K19: 0 | L19: 0 | M19: 0 | N19: 1 | O19: 12 | P19: 12 | Q19: 12 | R19: 12 | S19: 12 | T19: 12 | U19: 1 | V19: 12 | W19: 12 | X19: 12 | Y19: 12 | Z19: 12 | AA19: 1 | AB19: 6 | AC19: 1 | AD19: 0 | AE19: 0 | AF19: 0 | AG19: 0 | AH19: 0 | AI19: 0 | AJ19: 0
A20: 0 | B20: 0 | C20: 0 | D20: 1 | E20: 1 | F20: 0 | G20: 0 | H20: 0 | I20: 0 | J20: 0 | K20: 0 | L20: 1 | M20: 1 | N20: 12 | O20: 12 | P20: 1 | Q20: 12 | R20: 12 | S20: 1 | T20: 1 | U20: 12 | V20: 12 | W20: 12 | X20: 12 | Y20: 12 | Z20: 12 | AA20: 12 | AB20: 12 | AC20: 1 | AD20: 0 | AE20: 0 | AF20: 0 | AG20: 0 | AH20: 0 | AI20: 0 | AJ20: 0
A21: 0 | B21: 0 | C21: 0 | D21: 1 | E21: 12 | F21: 1 | G21: 1 | H21: 1 | I21: 1 | J21: 1 | K21: 1 | L21: 12 | M21: 12 | N21: 12 | O21: 1 | P21: 1 | Q21: 1 | R21: 12 | S21: 12 | T21: 12 | U21: 12 | V21: 12 | W21: 12 | X21: 12 | Y21: 12 | Z21: 12 | AA21: 12 | AB21: 1 | AC21: 1 | AD21: 0 | AE21: 0 | AF21: 0 | AG21: 0 | AH21: 0 | AI21: 0 | AJ21: 0
A22: 0 | B22: 0 | C22: 0 | D22: 1 | E22: 12 | F22: 12 | G22: 12 | H22: 12 | I22: 12 | J22: 12 | K22: 12 | L22: 12 | M22: 1 | N22: 1 | O22: 14 | P22: 14 | Q22: 14 | R22: 1 | S22: 1 | T22: 12 | U22: 12 | V22: 12 | W22: 12 | X22: 12 | Y22: 12 | Z22: 12 | AA22: 12 | AB22: 6 | AC22: 1 | AD22: 0 | AE22: 0 | AF22: 0 | AG22: 0 | AH22: 0 | AI22: 0 | AJ22: 0
A23: 0 | B23: 0 | C23: 0 | D23: 0 | E23: 1 | F23: 12 | G23: 1 | H23: 1 | I23: 1 | J23: 1 | K23: 1 | L23: 1 | M23: 14 | N23: 14 | O23: 14 | P23: 14 | Q23: 1 | R23: 0 | S23: 0 | T23: 1 | U23: 1 | V23: 12 | W23: 12 | X23: 12 | Y23: 12 | Z23: 1 | AA23: 1 | AB23: 1 | AC23: 1 | AD23: 0 | AE23: 0 | AF23: 0 | AG23: 0 | AH23: 0 | AI23: 0 | AJ23: 0
A24: 0 | B24: 0 | C24: 0 | D24: 0 | E24: 1 | F24: 12 | G24: 1 | H24: 14 | I24: 14 | J24: 14 | K24: 14 | L24: 14 | M24: 14 | N24: 14 | O24: 14 | P24: 14 | Q24: 1 | R24: 0 | S24: 0 | T24: 0 | U24: 0 | V24: 1 | W24: 1 | X24: 1 | Y24: 1 | Z24: 12 | AA24: 1 | AB24: 0 | AC24: 0 | AD24: 0 | AE24: 0 | AF24: 0 | AG24: 0 | AH24: 0 | AI24: 0 | AJ24: 0
A25: 0 | B25: 0 | C25: 0 | D25: 0 | E25: 1 | F25: 12 | G25: 1 | H25: 14 | I25: 14 | J25: 14 | K25: 14 | L25: 14 | M25: 14 | N25: 14 | O25: 14 | P25: 1 | Q25: 0 | R25: 0 | S25: 0 | T25: 0 | U25: 0 | V25: 0 | W25: 1 | X25: 12 | Y25: 12 | Z25: 12 | AA25: 1 | AB25: 0 | AC25: 0 | AD25: 0 | AE25: 0 | AF25: 0 | AG25: 0 | AH25: 0 | AI25: 0 | AJ25: 0
A26: 0 | B26: 0 | C26: 0 | D26: 0 | E26: 0 | F26: 1 | G26: 12 | H26: 1 | I26: 14 | J26: 14 | K26: 14 | L26: 14 | M26: 14 | N26: 14 | O26: 1 | P26: 0 | Q26: 0 | R26: 0 | S26: 0 | T26: 0 | U26: 0 | V26: 0 | W26: 1 | X26: 12 | Y26: 12 | Z26: 12 | AA26: 1 | AB26: 0 | AC26: 0 | AD26: 0 | AE26: 0 | AF26: 0 | AG26: 0 | AH26: 0 | AI26: 0 | AJ26: 0
A27: 0 | B27: 0 | C27: 0 | D27: 0 | E27: 0 | F27: 1 | G27: 12 | H27: 1 | I27: 14 | J27: 14 | K27: 14 | L27: 14 | M27: 14 | N27: 14 | O27: 1 | P27: 0 | Q27: 0 | R27: 1 | S27: 1 | T27: 1 | U27: 0 | V27: 0 | W27: 1 | X27: 12 | Y27: 12 | Z27: 12 | AA27: 1 | AB27: 0 | AC27: 0 | AD27: 0 | AE27: 0 | AF27: 0 | AG27: 0 | AH27: 0 | AI27: 0 | AJ27: 0
... A37: 0 | B37: 0 | C37: 0 | D37: 0 | E37: 0 | F37: 0 | G37: 0 | H37: 0 | I37: 0 | J37: 0 | K37: 0 | L37: 0 | M37: 0 | N37: 0 | O37: 0 | P37: 0 | Q37: 0 | R37: 0 | S37: 0 | T37: 0 | U37: 0 | V37: 0 | W37: 0 | X37: 0 | Y37: 0 | Z37: 0 | AA37: 0 | AB37: 0 | AC37: 0 | AD37: 0 | AE37: 0 | AF37: 0 | AG37: 0 | AH37: 0 | AI37: 0 | AJ37: 0

Sheet HollowKnight
A1: 0 | B1: 0 | C1: 0 | D1: 0 | E1: 0 | F1: 0 | G1: 0 | H1: 0 | I1: 0 | J1: 0 | K1: 0 | L1: 0 | M1: 0 | N1: 0 | O1: 0 | P1: 0 | Q1: 0 | R1: 0 | S1: 0 | T1: 0 | U1: 0 | V1: 0 | W1: 0 | X1: 0 | Y1: 0 | Z1: 0 | AA1: 0 | AB1: 0 | AC1: 0 | AD1: 0 | AE1: 0 | AF1: 0 | AG1: 0 | AH1: 0 | AI1: 0 | AJ1: 0 | AK1: 0
A2: 0 | B2: 0 | C2: 0 | D2: 0 | E2: 0 | F2: 0 | G2: 0 | H2: 0 | I2: 0 | J2: 0 | K2: 0 | L2: 0 | M2: 0 | N2: 0 | O2: 0 | P2: 0 | Q2: 0 | R2: 0 | S2: 0 | T2: 0 | U2: 0 | V2: 0 | W2: 0 | X2: 0 | Y2: 0 | Z2: 0 | AA2: 0 | AB2: 0 | AC2: 0 | AD2: 0 | AE2: 0 | AF2: 0 | AG2: 0 | AH2: 0 | AI2: 0 | AJ2: 0 | AK2: 0
A3: 0 | B3: 0 | C3: 0 | D3: 0 | E3: 0 | F3: 0 | G3: 0 | H3: 0 | I3: 0 | J3: 0 | K3: 0 | L3: 0 | M3: 0 | N3: 0 | O3: 0 | P3: 0 | Q3: 0 | R3: 0 | S3: 0 | T3: 0 | U3: 0 | V3: 0 | W3: 0 | X3: 0 | Y3: 0 | Z3: 0 | AA3: 0 | AB3: 0 | AC3: 0 | AD3: 0 | AE3: 0 | AF3: 0 | AG3: 0 | AH3: 0 | AI3: 0 | AJ3: 0 | AK3: 0
A4: 0 | B4: 0 | C4: 0 | D4: 0 | E4: 0 | F4: 0 | G4: 0 | H4: 0 | I4: 0 | J4: 0 | K4: 0 | L4: 1 | M4: 1 | N4: 0 | O4: 0 | P4: 0 | Q4: 0 | R4: 0 | S4: 0 | T4: 0 | U4: 1 | V4: 1 | W4: 0 | X4: 0 | Y4: 0 | Z4: 0 | AA4: 0 | AB4: 0 | AC4: 0 | AD4: 0 | AE4: 0 | AF4: 0 | AG4: 0 | AH4: 0 | AI4: 0 | AJ4: 0 | AK4: 0
A5: 0 | B5: 0 | C5: 0 | D5: 0 | E5: 0 | F5: 0 | G5: 0 | H5: 0 | I5: 0 | J5: 0 | K5: 1 | L5: 9 | M5: 1 | N5: 0 | O5: 0 | P5: 0 | Q5: 0 | R5: 0 | S5: 0 | T5: 0 | U5: 1 | V5: 9 | W5: 1 | X5: 0 | Y5: 0 | Z5: 0 | AA5: 0 | AB5: 0 | AC5: 0 | AD5: 0 | AE5: 0 | AF5: 0 | AG5: 0 | AH5: 0 | AI5: 0 | AJ5: 0 | AK5: 0
A6: 0 | B6: 0 | C6: 0 | D6: 0 | E6: 0 | F6: 0 | G6: 0 | H6: 0 | I6: 0 | J6: 1 | K6: 9 | L6: 0 | M6: 1 | N6: 0 | O6: 0 | P6: 0 | Q6: 0 | R6: 0 | S6: 0 | T6: 0 | U6: 1 | V6: 0 | W6: 9 | X6: 1 | Y6: 0 | Z6: 0 | AA6: 0 | AB6: 0 | AC6: 0 | AD6: 0 | AE6: 0 | AF6: 0 | AG6: 0 | AH6: 0 | AI6: 0 | AJ6: 0 | AK6: 0
A7: 0 | B7: 0 | C7: 0 | D7: 0 | E7: 0 | F7: 0 | G7: 0 | H7: 0 | I7: 1 | J7: 9 | K7: 0 | L7: 1 | M7: 0 | N7: 0 | O7: 0 | P7: 0 | Q7: 0 | R7: 0 | S7: 0 | T7: 0 | U7: 0 | V7: 1 | W7: 0 | X7: 9 | Y7: 1 | Z7: 0 | AA7: 0 | AB7: 0 | AC7: 0 | AD7: 0 | AE7: 0 | AF7: 0 | AG7: 0 | AH7: 0 | AI7: 0 | AJ7: 0 | AK7: 0
A8: 0 | B8: 0 | C8: 0 | D8: 0 | E8: 0 | F8: 0 | G8: 0 | H8: 1 | I8: 9 | J8: 0 | K8: 1 | L8: 0 | M8: 0 | N8: 0 | O8: 0 | P8: 0 | Q8: 0 | R8: 0 | S8: 0 | T8: 0 | U8: 0 | V8: 0 | W8: 1 | X8: 0 | Y8: 9 | Z8: 1 | AA8: 0 | AB8: 0 | AC8: 0 | AD8: 0 | AE8: 0 | AF8: 0 | AG8: 0 | AH8: 0 | AI8: 0 | AJ8: 0 | AK8: 0
A9: 0 | B9: 0 | C9: 0 | D9: 0 | E9: 0 | F9: 0 | G9: 0 | H9: 1 | I9: 9 | J9: 0 | K9: 1 | L9: 0 | M9: 0 | N9: 0 | O9: 0 | P9: 0 | Q9: 0 | R9: 0 | S9: 0 | T9: 0 | U9: 0 | V9: 0 | W9: 1 | X9: 0 | Y9: 9 | Z9: 1 | AA9: 0 | AB9: 0 | AC9: 0 | AD9: 0 | AE9: 0 | AF9: 0 | AG9: 0 | AH9: 0 | AI9: 0 | AJ9: 0 | AK9: 0
A10: 0 | B10: 0 | C10: 0 | D10: 0 | E10: 0 | F10: 0 | G10: 0 | H10: 1 | I10: 9 | J10: 0 | K10: 0 | L10: 1 | M10: 1 | N10: 1 | O10: 1 | P10: 1 | Q10: 1 | R10: 1 | S10: 1 | T10: 1 | U10: 1 | V10: 1 | W10: 0 | X10: 0 | Y10: 9 | Z10: 1 | AA10: 0 | AB10: 0 | AC10: 0 | AD10: 0 | AE10: 0 | AF10: 0 | AG10: 0 | AH10: 0 | AI10: 0 | AJ10: 0 | AK10: 0
A11: 0 | B11: 0 | C11: 0 | D11: 0 | E11: 0 | F11: 0 | G11: 0 | H11: 0 | I11: 1 | J11: 9 | K11: 0 | L11: 0 | M11: 0 | N11: 0 | O11: 0 | P11: 0 | Q11: 0 | R11: 0 | S11: 0 | T11: 0 | U11: 0 | V11: 0 | W11: 0 | X11: 9 | Y11: 1 | Z11: 0 | AA11: 0 | AB11: 0 | AC11: 0 | AD11: 0 | AE11: 0 | AF11: 0 | AG11: 0 | AH11: 0 | AI11: 0 | AJ11: 0 | AK11: 0
A12: 0 | B12: 0 | C12: 0 | D12: 0 | E12: 0 | F12: 0 | G12: 0 | H12: 0 | I12: 0 | J12: 1 | K12: 9 | L12: 0 | M12: 0 | N12: 0 | O12: 0 | P12: 0 | Q12: 0 | R12: 0 | S12: 0 | T12: 0 | U12: 0 | V12: 0 | W12: 9 | X12: 1 | Y12: 0 | Z12: 0 | AA12: 0 | AB12: 0 | AC12: 0 | AD12: 0 | AE12: 0 | AF12: 0 | AG12: 0 | AH12: 0 | AI12: 0 | AJ12: 0 | AK12: 0
... A14: 0 | B14: 0 | C14: 0 | D14: 0 | E14: 0 | F14: 0 | G14: 0 | H14: 0 | I14: 0 | J14: 1 | K14: 9 | L14: 0 | M14: 0 | N14: 0 | O14: 0 | P14: 0 | Q14: 0 | R14: 0 | S14: 0 | T14: 0 | U14: 0 | V14: 0 | W14: 9 | X14: 1 | Y14: 0 | Z14: 0 | AA14: 0 | AB14: 0 | AC14: 0 | AD14: 0 | AE14: 0 | AF14: 0 | AG14: 0 | AH14: 0 | AI14: 0 | AJ14: 0 | AK14: 0
A15: 0 | B15: 0 | C15: 0 | D15: 0 | E15: 0 | F15: 0 | G15: 0 | H15: 0 | I15: 0 | J15: 1 | K15: 9 | L15: 0 | M15: 1 | N15: 1 | O15: 0 | P15: 0 | Q15: 0 | R15: 0 | S15: 0 | T15: 1 | U15: 1 | V15: 0 | W15: 9 | X15: 1 | Y15: 0 | Z15: 0 | AA15: 0 | AB15: 0 | AC15: 0 | AD15: 0 | AE15: 0 | AF15: 0 | AG15: 0 | AH15: 0 | AI15: 0 | AJ15: 0 | AK15: 0 | AP15: 1
A16: 0 | B16: 0 | C16: 0 | D16: 0 | E16: 0 | F16: 0 | G16: 0 | H16: 0 | I16: 0 | J16: 1 | K16: 9 | L16: 1 | M16: 1 | N16: 1 | O16: 1 | P16: 0 | Q16: 0 | R16: 0 | S16: 1 | T16: 1 | U16: 1 | V16: 1 | W16: 9 | X16: 1 | Y16: 0 | Z16: 0 | AA16: 0 | AB16: 0 | AC16: 0 | AD16: 0 | AE16: 0 | AF16: 0 | AG16: 0 | AH16: 0 | AI16: 0 | AJ16: 0 | AK16: 0
A17: 0 | B17: 0 | C17: 0 | D17: 0 | E17: 0 | F17: 0 | G17: 0 | H17: 0 | I17: 0 | J17: 1 | K17: 9 | L17: 1 | M17: 1 | N17: 1 | O17: 1 | P17: 0 | Q17: 0 | R17: 0 | S17: 1 | T17: 1 | U17: 1 | V17: 1 | W17: 9 | X17: 1 | Y17: 0 | Z17: 0 | AA17: 0 | AB17: 0 | AC17: 0 | AD17: 0 | AE17: 0 | AF17: 0 | AG17: 0 | AH17: 0 | AI17: 0 | AJ17: 0 | AK17: 0
A18: 0 | B18: 0 | C18: 0 | D18: 0 | E18: 0 | F18: 0 | G18: 0 | H18: 0 | I18: 0 | J18: 1 | K18: 9 | L18: 0 | M18: 1 | N18: 1 | O18: 0 | P18: 0 | Q18: 0 | R18: 0 | S18: 0 | T18: 1 | U18: 1 | V18: 0 | W18: 9 | X18: 1 | Y18: 0 | Z18: 0 | AA18: 0 | AB18: 0 | AC18: 0 | AD18: 0 | AE18: 0 | AF18: 0 | AG18: 0 | AH18: 0 | AI18: 0 | AJ18: 0 | AK18: 0
A19: 0 | B19: 0 | C19: 0 | D19: 0 | E19: 0 | F19: 0 | G19: 0 | H19: 0 | I19: 1 | J19: 0 | K19: 1 | L19: 9 | M19: 0 | N19: 0 | O19: 0 | P19: 0 | Q19: 0 | R19: 0 | S19: 0 | T19: 0 | U19: 0 | V19: 9 | W19: 1 | X19: 0 | Y19: 0 | Z19: 0 | AA19: 0 | AB19: 0 | AC19: 0 | AD19: 0 | AE19: 0 | AF19: 0 | AG19: 0 | AH19: 0 | AI19: 0 | AJ19: 0 | AK19: 0
A20: 0 | B20: 0 | C20: 0 | D20: 0 | E20: 0 | F20: 0 | G20: 0 | H20: 1 | I20: 9 | J20: 1 | K20: 0 | L20: 1 | M20: 1 | N20: 1 | O20: 1 | P20: 1 | Q20: 1 | R20: 1 | S20: 1 | T20: 1 | U20: 1 | V20: 1 | W20: 0 | X20: 0 | Y20: 0 | Z20: 0 | AA20: 0 | AB20: 0 | AC20: 0 | AD20: 0 | AE20: 0 | AF20: 0 | AG20: 0 | AH20: 0 | AI20: 0 | AJ20: 0 | AK20: 0
A21: 0 | B21: 0 | C21: 0 | D21: 0 | E21: 0 | F21: 0 | G21: 0 | H21: 0 | I21: 1 | J21: 9 | K21: 1 | L21: 9 | M21: 1 | N21: 1 | O21: 10 | P21: 1 | Q21: 10 | R21: 10 | S21: 10 | T21: 1 | U21: 0 | V21: 0 | W21: 0 | X21: 0 | Y21: 0 | Z21: 0 | AA21: 0 | AB21: 0 | AC21: 0 | AD21: 0 | AE21: 0 | AF21: 0 | AG21: 0 | AH21: 0 | AI21: 0 | AJ21: 0 | AK21: 0
A22: 0 | B22: 0 | C22: 0 | D22: 0 | E22: 0 | F22: 0 | G22: 0 | H22: 0 | I22: 0 | J22: 1 | K22: 9 | L22: 1 | M22: 1 | N22: 10 | O22: 5 | P22: 1 | Q22: 5 | R22: 10 | S22: 10 | T22: 10 | U22: 1 | V22: 0 | W22: 0 | X22: 0 | Y22: 0 | Z22: 0 | AA22: 0 | AB22: 0 | AC22: 0 | AD22: 0 | AE22: 0 | AF22: 0 | AG22: 0 | AH22: 0 | AI22: 0 | AJ22: 0 | AK22: 0
A23: 0 | B23: 0 | C23: 0 | D23: 0 | E23: 0 | F23: 0 | G23: 0 | H23: 0 | I23: 1 | J23: 9 | K23: 1 | L23: 1 | M23: 10 | N23: 10 | O23: 1 | P23: 10 | Q23: 1 | R23: 5 | S23: 10 | T23: 10 | U23: 10 | V23: 1 | W23: 0 | X23: 0 | Y23: 0 | Z23: 0 | AA23: 0 | AB23: 0 | AC23: 0 | AD23: 0 | AE23: 0 | AF23: 0 | AG23: 0 | AH23: 0 | AI23: 0 | AJ23: 0 | AK23: 0
A24: 0 | B24: 0 | C24: 0 | D24: 0 | E24: 0 | F24: 0 | G24: 0 | H24: 0 | I24: 0 | J24: 1 | K24: 0 | L24: 1 | M24: 10 | N24: 5 | O24: 1 | P24: 5 | Q24: 10 | R24: 1 | S24: 5 | T24: 10 | U24: 10 | V24: 1 | W24: 0 | X24: 0 | Y24: 0 | Z24: 0 | AA24: 0 | AB24: 0 | AC24: 0 | AD24: 0 | AE24: 0 | AF24: 0 | AG24: 0 | AH24: 0 | AI24: 0 | AJ24: 0 | AK24: 0
A25: 0 | B25: 0 | C25: 0 | D25: 0 | E25: 0 | F25: 0 | G25: 0 | H25: 0 | I25: 0 | J25: 0 | K25: 0 | L25: 1 | M25: 10 | N25: 1 | O25: 10 | P25: 1 | Q25: 10 | R25: 1 | S25: 5 | T25: 10 | U25: 10 | V25: 1 | W25: 0 | X25: 0 | Y25: 0 | Z25: 0 | AA25: 0 | AB25: 0 | AC25: 0 | AD25: 0 | AE25: 0 | AF25: 0 | AG25: 0 | AH25: 0 | AI25: 0 | AJ25: 0 | AK25: 0
A26: 0 | B26: 0 | C26: 0 | D26: 0 | E26: 0 | F26: 0 | G26: 0 | H26: 0 | I26: 0 | J26: 0 | K26: 0 | L26: 1 | M26: 5 | N26: 1 | O26: 10 | P26: 1 | Q26: 5 | R26: 1 | S26: 5 | T26: 5 | U26: 10 | V26: 1 | W26: 0 | X26: 0 | Y26: 0 | Z26: 0 | AA26: 0 | AB26: 0 | AC26: 0 | AD26: 0 | AE26: 0 | AF26: 0 | AG26: 0 | AH26: 0 | AI26: 0 | AJ26: 0 | AK26: 0
A27: 0 | B27: 0 | C27: 0 | D27: 0 | E27: 0 | F27: 0 | G27: 0 | H27: 0 | I27: 0 | J27: 0 | K27: 0 | L27: 1 | M27: 5 | N27: 1 | O27: 5 | P27: 1 | Q27: 5 | R27: 10 | S27: 1 | T27: 5 | U27: 10 | V27: 1 | W27: 0 | X27: 0 | Y27: 0 | Z27: 0 | AA27: 0 | AB27: 0 | AC27: 0 | AD27: 0 | AE27: 0 | AF27: 0 | AG27: 0 | AH27: 0 | AI27: 0 | AJ27: 0 | AK27: 0
... A36: 0 | B36: 0 | C36: 0 | D36: 0 | E36: 0 | F36: 0 | G36: 0 | H36: 0 | I36: 0 | J36: 0 | K36: 0 | L36: 0 | M36: 0 | N36: 0 | O36: 0 | P36: 0 | Q36: 0 | R36: 0 | S36: 0 | T36: 0 | U36: 0 | V36: 0 | W36: 0 | X36: 0 | Y36: 0 | Z36: 0 | AA36: 0 | AB36: 0 | AC36: 0 | AD36: 0 | AE36: 0 | AF36: 0 | AG36: 0 | AH36: 0 | AI36: 0 | AJ36: 0 | AK36: 0

Sheet transpuestaC
A1: {=TRANSPOSE(HollowKnight!A1:AK36)} -> 0 | B1: 0 | C1: 0 | D1: 0 | E1: 0 | F1: 0 | G1: 0 | H1: 0 | I1: 0 | J1: 0 | K1: 0 | L1: 0 | M1: 0 | N1: 0 | O1: 0 | P1: 0 | Q1: 0 | R1: 0 | S1: 0 | T1: 0 | U1: 0 | V1: 0 | W1: 0 | X1: 0 | Y1: 0 | Z1: 0 | AA1: 0 | AB1: 0 | AC1: 0 | AD1: 0 | AE1: 0 | AF1: 0 | AG1: 0 | AH1: 0 | AI1: 0 | AJ1: 0
A2: 0 | B2: 0 | C2: 0 | D2: 0 | E2: 0 | F2: 0 | G2: 0 | H2: 0 | I2: 0 | J2: 0 | K2: 0 | L2: 0 | M2: 0 | N2: 0 | O2: 0 | P2: 0 | Q2: 0 | R2: 0 | S2: 0 | T2: 0 | U2: 0 | V2: 0 | W2: 0 | X2: 0 | Y2: 0 | Z2: 0 | AA2: 0 | AB2: 0 | AC2: 0 | AD2: 0 | AE2: 0 | AF2: 0 | AG2: 0 | AH2: 0 | AI2: 0 | AJ2: 0
A3: 0 | B3: 0 | C3: 0 | D3: 0 | E3: 0 | F3: 0 | G3: 0 | H3: 0 | I3: 0 | J3: 0 | K3: 0 | L3: 0 | M3: 0 | N3: 0 | O3: 0 | P3: 0 | Q3: 0 | R3: 0 | S3: 0 | T3: 0 | U3: 0 | V3: 0 | W3: 0 | X3: 0 | Y3: 0 | Z3: 0 | AA3: 0 | AB3: 0 | AC3: 0 | AD3: 0 | AE3: 0 | AF3: 0 | AG3: 0 | AH3: 0 | AI3: 0 | AJ3: 0
A4: 0 | B4: 0 | C4: 0 | D4: 0 | E4: 0 | F4: 0 | G4: 0 | H4: 0 | I4: 0 | J4: 0 | K4: 0 | L4: 0 | M4: 0 | N4: 0 | O4: 0 | P4: 0 | Q4: 0 | R4: 0 | S4: 0 | T4: 0 | U4: 0 | V4: 0 | W4: 0 | X4: 0 | Y4: 0 | Z4: 0 | AA4: 0 | AB4: 0 | AC4: 0 | AD4: 0 | AE4: 0 | AF4: 0 | AG4: 0 | AH4: 0 | AI4: 0 | AJ4: 0
A5: 0 | B5: 0 | C5: 0 | D5: 0 | E5: 0 | F5: 0 | G5: 0 | H5: 0 | I5: 0 | J5: 0 | K5: 0 | L5: 0 | M5: 0 | N5: 0 | O5: 0 | P5: 0 | Q5: 0 | R5: 0 | S5: 0 | T5: 0 | U5: 0 | V5: 0 | W5: 0 | X5: 0 | Y5: 0 | Z5: 0 | AA5: 0 | AB5: 0 | AC5: 0 | AD5: 0 | AE5: 0 | AF5: 0 | AG5: 0 | AH5: 0 | AI5: 0 | AJ5: 0
A6: 0 | B6: 0 | C6: 0 | D6: 0 | E6: 0 | F6: 0 | G6: 0 | H6: 0 | I6: 0 | J6: 0 | K6: 0 | L6: 0 | M6: 0 | N6: 0 | O6: 0 | P6: 0 | Q6: 0 | R6: 0 | S6: 0 | T6: 0 | U6: 0 | V6: 0 | W6: 0 | X6: 0 | Y6: 0 | Z6: 0 | AA6: 0 | AB6: 0 | AC6: 0 | AD6: 0 | AE6: 0 | AF6: 0 | AG6: 0 | AH6: 0 | AI6: 0 | AJ6: 0
A7: 0 | B7: 0 | C7: 0 | D7: 0 | E7: 0 | F7: 0 | G7: 0 | H7: 0 | I7: 0 | J7: 0 | K7: 0 | L7: 0 | M7: 0 | N7: 0 | O7: 0 | P7: 0 | Q7: 0 | R7: 0 | S7: 0 | T7: 0 | U7: 0 | V7: 0 | W7: 0 | X7: 0 | Y7: 0 | Z7: 0 | AA7: 0 | AB7: 0 | AC7: 0 | AD7: 0 | AE7: 0 | AF7: 0 | AG7: 0 | AH7: 0 | AI7: 0 | AJ7: 0
A8: 0 | B8: 0 | C8: 0 | D8: 0 | E8: 0 | F8: 0 | G8: 0 | H8: 1 | I8: 1 | J8: 1 | K8: 0 | L8: 0 | M8: 0 | N8: 0 | O8: 0 | P8: 0 | Q8: 0 | R8: 0 | S8: 0 | T8: 1 | U8: 0 | V8: 0 | W8: 0 | X8: 0 | Y8: 0 | Z8: 0 | AA8: 0 | AB8: 0 | AC8: 0 | AD8: 0 | AE8: 0 | AF8: 0 | AG8: 0 | AH8: 0 | AI8: 0 | AJ8: 0
A9: 0 | B9: 0 | C9: 0 | D9: 0 | E9: 0 | F9: 0 | G9: 1 | H9: 9 | I9: 9 | J9: 9 | K9: 1 | L9: 0 | M9: 0 | N9: 0 | O9: 0 | P9: 0 | Q9: 0 | R9: 0 | S9: 1 | T9: 9 | U9: 1 | V9: 0 | W9: 1 | X9: 0 | Y9: 0 | Z9: 0 | AA9: 0 | AB9: 0 | AC9: 0 | AD9: 0 | AE9: 0 | AF9: 0 | AG9: 0 | AH9: 0 | AI9: 0 | AJ9: 0
A10: 0 | B10: 0 | C10: 0 | D10: 0 | E10: 0 | F10: 1 | G10: 9 | H10: 0 | I10: 0 | J10: 0 | K10: 9 | L10: 1 | M10: 1 | N10: 1 | O10: 1 | P10: 1 | Q10: 1 | R10: 1 | S10: 0 | T10: 1 | U10: 9 | V10: 1 | W10: 9 | X10: 1 | Y10: 0 | Z10: 0 | AA10: 0 | AB10: 0 | AC10: 0 | AD10: 0 | AE10: 0 | AF10: 0 | AG10: 0 | AH10: 0 | AI10: 0 | AJ10: 0
A11: 0 | B11: 0 | C11: 0 | D11: 0 | E11: 1 | F11: 9 | G11: 0 | H11: 1 | I11: 1 | J11: 0 | K11: 0 | L11: 9 | M11: 9 | N11: 9 | O11: 9 | P11: 9 | Q11: 9 | R11: 9 | S11: 1 | T11: 0 | U11: 1 | V11: 9 | W11: 1 | X11: 0 | Y11: 0 | Z11: 0 | AA11: 0 | AB11: 0 | AC11: 0 | AD11: 0 | AE11: 0 | AF11: 0 | AG11: 0 | AH11: 0 | AI11: 0 | AJ11: 0
A12: 0 | B12: 0 | C12: 0 | D12: 1 | E12: 9 | F12: 0 | G12: 1 | H12: 0 | I12: 0 | J12: 1 | K12: 0 | L12: 0 | M12: 0 | N12: 0 | O12: 0 | P12: 1 | Q12: 1 | R12: 0 | S12: 9 | T12: 1 | U12: 9 | V12: 1 | W12: 1 | X12: 1 | Y12: 1 | Z12: 1 | AA12: 1 | AB12: 1 | AC12: 1 | AD12: 1 | AE12: 1 | AF12: 0 | AG12: 0 | AH12: 0 | AI12: 0 | AJ12: 0
A13: 0 | B13: 0 | C13: 0 | D13: 1 | E13: 1 | F13: 1 | G13: 0 | H13: 0 | I13: 0 | J13: 1 | K13: 0 | L13: 0 | M13: 0 | N13: 0 | O13: 1 | P13: 1 | Q13: 1 | R13: 1 | S13: 0 | T13: 1 | U13: 1 | V13: 1 | W13: 10 | X13: 10 | Y13: 10 | Z13: 5 | AA13: 5 | AB13: 1 | AC13: 5 | AD13: 1 | AE13: 1 | AF13: 1 | AG13: 0 | AH13: 0 | AI13: 0 | AJ13: 0
... A37: 0 | B37: 0 | C37: 0 | D37: 0 | E37: 0 | F37: 0 | G37: 0 | H37: 0 | I37: 0 | J37: 0 | K37: 0 | L37: 0 | M37: 0 | N37: 0 | O37: 0 | P37: 0 | Q37: 0 | R37: 0 | S37: 0 | T37: 0 | U37: 0 | V37: 0 | W37: 0 | X37: 0 | Y37: 0 | Z37: 0 | AA37: 0 | AB37: 0 | AC37: 0 | AD37: 0 | AE37: 0 | AF37: 0 | AG37: 0 | AH37: 0 | AI37: 0 | AJ37: 0

Sheet Snoopy
A1: 8 | B1: 8 | C1: 8 | D1: 8 | E1: 8 | F1: 8 | G1: 8 | H1: 8 | I1: 8 | J1: 8 | K1: 8 | L1: 8 | M1: 8 | N1: 8 | O1: 8 | P1: 8 | Q1: 8 | R1: 8 | S1: 8 | T1: 8 | U1: 8 | V1: 8 | W1: 8 | X1: 8 | Y1: 8 | Z1: 8 | AA1: 8 | AB1: 8 | AC1: 8 | AD1: 8 | AE1: 8 | AF1: 8 | AG1: 8 | AH1: 8 | AI1: 8 | AJ1: 8
A2: 8 | B2: 8 | C2: 8 | D2: 8 | E2: 8 | F2: 8 | G2: 8 | H2: 8 | I2: 8 | J2: 8 | K2: 8 | L2: 8 | M2: 8 | N2: 8 | O2: 8 | P2: 8 | Q2: 8 | R2: 8 | S2: 8 | T2: 8 | U2: 8 | V2: 8 | W2: 8 | X2: 8 | Y2: 8 | Z2: 8 | AA2: 8 | AB2: 8 | AC2: 8 | AD2: 8 | AE2: 8 | AF2: 8 | AG2: 8 | AH2: 8 | AI2: 8 | AJ2: 8
A3: 8 | B3: 8 | C3: 8 | D3: 8 | E3: 8 | F3: 8 | G3: 8 | H3: 8 | I3: 1 | J3: 1 | K3: 1 | L3: 1 | M3: 1 | N3: 8 | O3: 8 | P3: 8 | Q3: 8 | R3: 8 | S3: 8 | T3: 8 | U3: 8 | V3: 8 | W3: 8 | X3: 8 | Y3: 8 | Z3: 8 | AA3: 8 | AB3: 8 | AC3: 8 | AD3: 8 | AE3: 8 | AF3: 8 | AG3: 8 | AH3: 8 | AI3: 8 | AJ3: 8
A4: 8 | B4: 8 | C4: 8 | D4: 8 | E4: 8 | F4: 8 | G4: 8 | H4: 1 | I4: 0 | J4: 0 | K4: 0 | L4: 0 | M4: 0 | N4: 1 | O4: 8 | P4: 8 | Q4: 8 | R4: 8 | S4: 8 | T4: 8 | U4: 8 | V4: 8 | W4: 8 | X4: 8 | Y4: 8 | Z4: 8 | AA4: 8 | AB4: 8 | AC4: 8 | AD4: 8 | AE4: 8 | AF4: 8 | AG4: 8 | AH4: 8 | AI4: 8 | AJ4: 8
A5: 8 | B5: 8 | C5: 8 | D5: 8 | E5: 8 | F5: 8 | G5: 1 | H5: 0 | I5: 0 | J5: 0 | K5: 0 | L5: 0 | M5: 0 | N5: 0 | O5: 1 | P5: 8 | Q5: 8 | R5: 8 | S5: 8 | T5: 8 | U5: 8 | V5: 8 | W5: 8 | X5: 8 | Y5: 8 | Z5: 8 | AA5: 8 | AB5: 8 | AC5: 8 | AD5: 8 | AE5: 8 | AF5: 8 | AG5: 8 | AH5: 8 | AI5: 8 | AJ5: 8
A6: 8 | B6: 8 | C6: 8 | D6: 8 | E6: 8 | F6: 1 | G6: 0 | H6: 0 | I6: 0 | J6: 0 | K6: 0 | L6: 0 | M6: 0 | N6: 0 | O6: 0 | P6: 1 | Q6: 1 | R6: 1 | S6: 8 | T6: 8 | U6: 8 | V6: 8 | W6: 8 | X6: 8 | Y6: 8 | Z6: 8 | AA6: 8 | AB6: 8 | AC6: 8 | AD6: 8 | AE6: 8 | AF6: 8 | AG6: 8 | AH6: 8 | AI6: 8 | AJ6: 8
A7: 8 | B7: 8 | C7: 8 | D7: 8 | E7: 8 | F7: 1 | G7: 1 | H7: 0 | I7: 1 | J7: 0 | K7: 0 | L7: 0 | M7: 0 | N7: 1 | O7: 0 | P7: 0 | Q7: 0 | R7: 0 | S7: 1 | T7: 8 | U7: 8 | V7: 8 | W7: 8 | X7: 8 | Y7: 8 | Z7: 8 | AA7: 8 | AB7: 8 | AC7: 8 | AD7: 8 | AE7: 8 | AF7: 8 | AG7: 8 | AH7: 8 | AI7: 8 | AJ7: 8
A8: 8 | B8: 8 | C8: 8 | D8: 8 | E8: 1 | F8: 0 | G8: 1 | H8: 1 | I8: 0 | J8: 1 | K8: 0 | L8: 0 | M8: 0 | N8: 1 | O8: 0 | P8: 0 | Q8: 0 | R8: 0 | S8: 0 | T8: 1 | U8: 1 | V8: 8 | W8: 8 | X8: 8 | Y8: 8 | Z8: 8 | AA8: 8 | AB8: 8 | AC8: 8 | AD8: 8 | AE8: 8 | AF8: 8 | AG8: 8 | AH8: 8 | AI8: 8 | AJ8: 8
A9: 8 | B9: 8 | C9: 8 | D9: 8 | E9: 1 | F9: 1 | G9: 1 | H9: 1 | I9: 0 | J9: 1 | K9: 0 | L9: 0 | M9: 0 | N9: 0 | O9: 0 | P9: 0 | Q9: 0 | R9: 0 | S9: 0 | T9: 1 | U9: 1 | V9: 8 | W9: 8 | X9: 8 | Y9: 8 | Z9: 8 | AA9: 8 | AB9: 8 | AC9: 8 | AD9: 8 | AE9: 8 | AF9: 8 | AG9: 8 | AH9: 8 | AI9: 8 | AJ9: 8
A10: 8 | B10: 8 | C10: 8 | D10: 8 | E10: 1 | F10: 1 | G10: 1 | H10: 1 | I10: 0 | J10: 1 | K10: 0 | L10: 0 | M10: 0 | N10: 0 | O10: 0 | P10: 0 | Q10: 0 | R10: 0 | S10: 0 | T10: 1 | U10: 8 | V10: 8 | W10: 8 | X10: 8 | Y10: 8 | Z10: 8 | AA10: 8 | AB10: 8 | AC10: 8 | AD10: 8 | AE10: 8 | AF10: 8 | AG10: 8 | AH10: 8 | AI10: 8 | AJ10: 8
A11: 8 | B11: 8 | C11: 8 | D11: 8 | E11: 1 | F11: 1 | G11: 1 | H11: 1 | I11: 0 | J11: 1 | K11: 0 | L11: 0 | M11: 0 | N11: 0 | O11: 0 | P11: 0 | Q11: 0 | R11: 0 | S11: 1 | T11: 8 | U11: 8 | V11: 8 | W11: 8 | X11: 8 | Y11: 8 | Z11: 8 | AA11: 8 | AB11: 8 | AC11: 8 | AD11: 8 | AE11: 8 | AF11: 8 | AG11: 8 | AH11: 8 | AI11: 8 | AJ11: 8
A12: 8 | B12: 8 | C12: 8 | D12: 8 | E12: 1 | F12: 1 | G12: 1 | H12: 1 | I12: 0 | J12: 1 | K12: 0 | L12: 0 | M12: 0 | N12: 0 | O12: 0 | P12: 0 | Q12: 1 | R12: 1 | S12: 8 | T12: 8 | U12: 8 | V12: 8 | W12: 8 | X12: 8 | Y12: 8 | Z12: 8 | AA12: 8 | AB12: 8 | AC12: 8 | AD12: 8 | AE12: 8 | AF12: 8 | AG12: 8 | AH12: 8 | AI12: 8 | AJ12: 8
... A36: 8 | B36: 8 | C36: 8 | D36: 8 | E36: 8 | F36: 8 | G36: 8 | H36: 8 | I36: 8 | J36: 8 | K36: 8 | L36: 8 | M36: 8 | N36: 8 | O36: 8 | P36: 8 | Q36: 8 | R36: 8 | S36: 8 | T36: 8 | U36: 8 | V36: 8 | W36: 8 | X36: 8 | Y36: 8 | Z36: 8 | AA36: 8 | AB36: 8 | AC36: 8 | AD36: 8 | AE36: 8 | AF36: 8 | AG36: 8 | AH36: 8 | AI36: 8 | AJ36: 8

Sheet transpuestaD
A1: {=TRANSPOSE(Snoopy!A1:AK36)} -> 8 | B1: 8 | C1: 8 | D1: 8 | E1: 8 | F1: 8 | G1: 8 | H1: 8 | I1: 8 | J1: 8 | K1: 8 | L1: 8 | M1: 8 | N1: 8 | O1: 8 | P1: 8 | Q1: 8 | R1: 8 | S1: 8 | T1: 8 | U1: 8 | V1: 8 | W1: 8 | X1: 8 | Y1: 8 | Z1: 8 | AA1: 8 | AB1: 8 | AC1: 8 | AD1: 8 | AE1: 8 | AF1: 8 | AG1: 8 | AH1: 8 | AI1: 8 | AJ1: 8
A2: 8 | B2: 8 | C2: 8 | D2: 8 | E2: 8 | F2: 8 | G2: 8 | H2: 8 | I2: 8 | J2: 8 | K2: 8 | L2: 8 | M2: 8 | N2: 8 | O2: 8 | P2: 8 | Q2: 8 | R2: 8 | S2: 8 | T2: 8 | U2: 8 | V2: 8 | W2: 8 | X2: 8 | Y2: 8 | Z2: 8 | AA2: 8 | AB2: 8 | AC2: 8 | AD2: 8 | AE2: 8 | AF2: 8 | AG2: 8 | AH2: 8 | AI2: 8 | AJ2: 8
A3: 8 | B3: 8 | C3: 8 | D3: 8 | E3: 8 | F3: 8 | G3: 8 | H3: 8 | I3: 8 | J3: 8 | K3: 8 | L3: 8 | M3: 8 | N3: 8 | O3: 8 | P3: 8 | Q3: 8 | R3: 8 | S3: 8 | T3: 8 | U3: 8 | V3: 8 | W3: 8 | X3: 8 | Y3: 8 | Z3: 8 | AA3: 8 | AB3: 8 | AC3: 8 | AD3: 8 | AE3: 8 | AF3: 8 | AG3: 8 | AH3: 8 | AI3: 8 | AJ3: 8
A4: 8 | B4: 8 | C4: 8 | D4: 8 | E4: 8 | F4: 8 | G4: 8 | H4: 8 | I4: 8 | J4: 8 | K4: 8 | L4: 8 | M4: 8 | N4: 8 | O4: 8 | P4: 8 | Q4: 8 | R4: 8 | S4: 8 | T4: 8 | U4: 8 | V4: 8 | W4: 8 | X4: 8 | Y4: 8 | Z4: 8 | AA4: 8 | AB4: 8 | AC4: 8 | AD4: 8 | AE4: 8 | AF4: 8 | AG4: 8 | AH4: 8 | AI4: 8 | AJ4: 8
A5: 8 | B5: 8 | C5: 8 | D5: 8 | E5: 8 | F5: 8 | G5: 8 | H5: 1 | I5: 1 | J5: 1 | K5: 1 | L5: 1 | M5: 8 | N5: 8 | O5: 8 | P5: 8 | Q5: 8 | R5: 8 | S5: 8 | T5: 8 | U5: 8 | V5: 8 | W5: 8 | X5: 8 | Y5: 8 | Z5: 8 | AA5: 8 | AB5: 8 | AC5: 8 | AD5: 8 | AE5: 8 | AF5: 8 | AG5: 8 | AH5: 8 | AI5: 8 | AJ5: 8
A6: 8 | B6: 8 | C6: 8 | D6: 8 | E6: 8 | F6: 1 | G6: 1 | H6: 0 | I6: 1 | J6: 1 | K6: 1 | L6: 1 | M6: 1 | N6: 8 | O6: 8 | P6: 8 | Q6: 8 | R6: 8 | S6: 8 | T6: 8 | U6: 8 | V6: 8 | W6: 8 | X6: 8 | Y6: 8 | Z6: 8 | AA6: 8 | AB6: 8 | AC6: 8 | AD6: 8 | AE6: 8 | AF6: 8 | AG6: 8 | AH6: 8 | AI6: 8 | AJ6: 8
A7: 8 | B7: 8 | C7: 8 | D7: 8 | E7: 1 | F7: 0 | G7: 1 | H7: 1 | I7: 1 | J7: 1 | K7: 1 | L7: 1 | M7: 1 | N7: 1 | O7: 8 | P7: 8 | Q7: 8 | R7: 8 | S7: 8 | T7: 8 | U7: 8 | V7: 8 | W7: 8 | X7: 8 | Y7: 8 | Z7: 8 | AA7: 8 | AB7: 8 | AC7: 8 | AD7: 8 | AE7: 8 | AF7: 8 | AG7: 8 | AH7: 8 | AI7: 8 | AJ7: 8
A8: 8 | B8: 8 | C8: 8 | D8: 1 | E8: 0 | F8: 0 | G8: 0 | H8: 1 | I8: 1 | J8: 1 | K8: 1 | L8: 1 | M8: 0 | N8: 1 | O8: 8 | P8: 8 | Q8: 8 | R8: 8 | S8: 8 | T8: 8 | U8: 8 | V8: 8 | W8: 8 | X8: 8 | Y8: 8 | Z8: 8 | AA8: 8 | AB8: 8 | AC8: 8 | AD8: 8 | AE8: 8 | AF8: 8 | AG8: 8 | AH8: 8 | AI8: 8 | AJ8: 8
A9: 8 | B9: 8 | C9: 1 | D9: 0 | E9: 0 | F9: 0 | G9: 1 | H9: 0 | I9: 0 | J9: 0 | K9: 0 | L9: 0 | M9: 1 | N9: 8 | O9: 8 | P9: 8 | Q9: 8 | R9: 8 | S9: 8 | T9: 8 | U9: 8 | V9: 1 | W9: 8 | X9: 8 | Y9: 8 | Z9: 8 | AA9: 8 | AB9: 8 | AC9: 8 | AD9: 8 | AE9: 8 | AF9: 8 | AG9: 8 | AH9: 8 | AI9: 8 | AJ9: 8
A10: 8 | B10: 8 | C10: 1 | D10: 0 | E10: 0 | F10: 0 | G10: 0 | H10: 1 | I10: 1 | J10: 1 | K10: 1 | L10: 1 | M10: 8 | N10: 8 | O10: 8 | P10: 8 | Q10: 8 | R10: 1 | S10: 1 | T10: 8 | U10: 1 | V10: 0 | W10: 1 | X10: 8 | Y10: 1 | Z10: 1 | AA10: 8 | AB10: 8 | AC10: 8 | AD10: 8 | AE10: 8 | AF10: 8 | AG10: 8 | AH10: 8 | AI10: 8 | AJ10: 8
A11: 8 | B11: 8 | C11: 1 | D11: 0 | E11: 0 | F11: 0 | G11: 0 | H11: 0 | I11: 0 | J11: 0 | K11: 0 | L11: 0 | M11: 1 | N11: 8 | O11: 1 | P11: 1 | Q11: 1 | R11: 0 | S11: 0 | T11: 1 | U11: 1 | V11: 0 | W11: 1 | X11: 1 | Y11: 0 | Z11: 1 | AA11: 8 | AB11: 8 | AC11: 8 | AD11: 8 | AE11: 8 | AF11: 8 | AG11: 8 | AH11: 8 | AI11: 8 | AJ11: 8
A12: 8 | B12: 8 | C12: 1 | D12: 0 | E12: 0 | F12: 0 | G12: 0 | H12: 0 | I12: 0 | J12: 0 | K12: 0 | L12: 0 | M12: 0 | N12: 7 | O12: 0 | P12: 0 | Q12: 0 | R12: 0 | S12: 0 | T12: 1 | U12: 0 | V12: 0 | W12: 1 | X12: 0 | Y12: 0 | Z12: 1 | AA12: 8 | AB12: 8 | AC12: 8 | AD12: 8 | AE12: 8 | AF12: 8 | AG12: 8 | AH12: 8 | AI12: 8 | AJ12: 8
A13: 8 | B13: 8 | C13: 1 | D13: 0 | E13: 0 | F13: 0 | G13: 0 | H13: 0 | I13: 0 | J13: 0 | K13: 0 | L13: 0 | M13: 0 | N13: 7 | O13: 0 | P13: 1 | Q13: 1 | R13: 1 | S13: 1 | T13: 0 | U13: 0 | V13: 0 | W13: 0 | X13: 0 | Y13: 0 | Z13: 1 | AA13: 8 | AB13: 8 | AC13: 8 | AD13: 8 | AE13: 8 | AF13: 8 | AG13: 8 | AH13: 8 | AI13: 8 | AJ13: 8
... A37: 0 | B37: 0 | C37: 0 | D37: 0 | E37: 0 | F37: 0 | G37: 0 | H37: 0 | I37: 0 | J37: 0 | K37: 0 | L37: 0 | M37: 0 | N37: 0 | O37: 0 | P37: 0 | Q37: 0 | R37: 0 | S37: 0 | T37: 0 | U37: 0 | V37: 0 | W37: 0 | X37: 0 | Y37: 0 | Z37: 0 | AA37: 0 | AB37: 0 | AC37: 0 | AD37: 0 | AE37: 0 | AF37: 0 | AG37: 0 | AH37: 0 | AI37: 0 | AJ37: 0

Sheet Foxy
A1: 0 | B1: 0 | C1: 0 | D1: 0 | E1: 0 | F1: 0 | G1: 0 | H1: 0 | I1: 0 | J1: 0 | K1: 0 | L1: 0 | M1: 0 | N1: 0 | O1: 0 | P1: 0 | Q1: 0 | R1: 0 | S1: 0 | T1: 0 | U1: 0 | V1: 0 | W1: 0 | X1: 0 | Y1: 0 | Z1: 0 | AA1: 0 | AB1: 0 | AC1: 0 | AD1: 0 | AE1: 0 | AF1: 0 | AG1: 0 | AH1: 0 | AI1: 0 | AJ1: 0 | AK1: 0
A2: 0 | B2: 0 | C2: 0 | D2: 0 | E2: 0 | F2: 0 | G2: 0 | H2: 0 | I2: 0 | J2: 0 | K2: 0 | L2: 0 | M2: 0 | N2: 0 | O2: 0 | P2: 0 | Q2: 0 | R2: 0 | S2: 0 | T2: 0 | U2: 0 | V2: 0 | W2: 0 | X2: 0 | Y2: 0 | Z2: 0 | AA2: 0 | AB2: 0 | AC2: 0 | AD2: 0 | AE2: 0 | AF2: 0 | AG2: 0 | AH2: 0 | AI2: 0 | AJ2: 0 | AK2: 0
A3: 0 | B3: 0 | C3: 0 | D3: 1 | E3: 1 | F3: 1 | G3: 1 | H3: 0 | I3: 0 | J3: 0 | K3: 0 | L3: 0 | M3: 0 | N3: 0 | O3: 0 | P3: 0 | Q3: 0 | R3: 0 | S3: 0 | T3: 0 | U3: 0 | V3: 0 | W3: 1 | X3: 1 | Y3: 1 | Z3: 1 | AA3: 0 | AB3: 0 | AC3: 0 | AD3: 0 | AE3: 0 | AF3: 0 | AG3: 0 | AH3: 0 | AI3: 0 | AJ3: 0 | AK3: 0
A4: 0 | B4: 0 | C4: 0 | D4: 1 | E4: 11 | F4: 11 | G4: 11 | H4: 1 | I4: 1 | J4: 0 | K4: 0 | L4: 0 | M4: 0 | N4: 0 | O4: 1 | P4: 0 | Q4: 0 | R4: 0 | S4: 0 | T4: 0 | U4: 1 | V4: 1 | W4: 11 | X4: 11 | Y4: 11 | Z4: 1 | AA4: 0 | AB4: 0 | AC4: 0 | AD4: 0 | AE4: 0 | AF4: 0 | AG4: 0 | AH4: 0 | AI4: 0 | AJ4: 0 | AK4: 0
A5: 0 | B5: 0 | C5: 0 | D5: 1 | E5: 11 | F5: 12 | G5: 12 | H5: 11 | I5: 11 | J5: 1 | K5: 0 | L5: 1 | M5: 1 | N5: 1 | O5: 11 | P5: 1 | Q5: 1 | R5: 1 | S5: 0 | T5: 1 | U5: 11 | V5: 11 | W5: 12 | X5: 12 | Y5: 11 | Z5: 1 | AA5: 0 | AB5: 0 | AC5: 0 | AD5: 0 | AE5: 0 | AF5: 0 | AG5: 0 | AH5: 0 | AI5: 0 | AJ5: 0 | AK5: 0
A6: 0 | B6: 0 | C6: 0 | D6: 1 | E6: 11 | F6: 12 | G6: 12 | H6: 12 | I6: 12 | J6: 11 | K6: 1 | L6: 1 | M6: 11 | N6: 1 | O6: 11 | P6: 1 | Q6: 11 | R6: 1 | S6: 1 | T6: 11 | U6: 12 | V6: 12 | W6: 12 | X6: 12 | Y6: 11 | Z6: 1 | AA6: 0 | AB6: 0 | AC6: 0 | AD6: 0 | AE6: 0 | AF6: 0 | AG6: 0 | AH6: 0 | AI6: 0 | AJ6: 0 | AK6: 0
A7: 0 | B7: 0 | C7: 0 | D7: 0 | E7: 1 | F7: 11 | G7: 12 | H7: 12 | I7: 12 | J7: 11 | K7: 1 | L7: 1 | M7: 1 | N7: 11 | O7: 11 | P7: 11 | Q7: 1 | R7: 1 | S7: 1 | T7: 11 | U7: 12 | V7: 12 | W7: 12 | X7: 11 | Y7: 1 | Z7: 0 | AA7: 0 | AB7: 0 | AC7: 0 | AD7: 0 | AE7: 0 | AF7: 0 | AG7: 0 | AH7: 0 | AI7: 0 | AJ7: 0 | AK7: 0
A8: 0 | B8: 0 | C8: 0 | D8: 0 | E8: 1 | F8: 11 | G8: 12 | H8: 12 | I8: 12 | J8: 11 | K8: 1 | L8: 1 | M8: 1 | N8: 1 | O8: 1 | P8: 1 | Q8: 1 | R8: 1 | S8: 1 | T8: 11 | U8: 12 | V8: 12 | W8: 12 | X8: 11 | Y8: 1 | Z8: 0 | AA8: 0 | AB8: 0 | AC8: 0 | AD8: 0 | AE8: 0 | AF8: 0 | AG8: 0 | AH8: 0 | AI8: 0 | AJ8: 0 | AK8: 0
A9: 0 | B9: 0 | C9: 0 | D9: 0 | E9: 0 | F9: 1 | G9: 11 | H9: 11 | I9: 11 | J9: 11 | K9: 1 | L9: 11 | M9: 11 | N9: 11 | O9: 11 | P9: 11 | Q9: 11 | R9: 11 | S9: 1 | T9: 11 | U9: 11 | V9: 11 | W9: 11 | X9: 1 | Y9: 0 | Z9: 0 | AA9: 0 | AB9: 0 | AC9: 0 | AD9: 0 | AE9: 0 | AF9: 0 | AG9: 0 | AH9: 0 | AI9: 0 | AJ9: 0 | AK9: 0
A10: 0 | B10: 0 | C10: 0 | D10: 0 | E10: 0 | F10: 0 | G10: 1 | H10: 1 | I10: 1 | J10: 1 | K10: 11 | L10: 11 | M10: 11 | N10: 11 | O10: 11 | P10: 11 | Q10: 11 | R10: 11 | S10: 11 | T10: 1 | U10: 1 | V10: 1 | W10: 1 | X10: 0 | Y10: 0 | Z10: 0 | AA10: 0 | AB10: 0 | AC10: 0 | AD10: 0 | AE10: 0 | AF10: 0 | AG10: 0 | AH10: 0 | AI10: 0 | AJ10: 0 | AK10: 0
A11: 0 | B11: 0 | C11: 0 | D11: 0 | E11: 0 | F11: 0 | G11: 0 | H11: 0 | I11: 1 | J11: 11 | K11: 11 | L11: 12 | M11: 12 | N11: 11 | O11: 11 | P11: 11 | Q11: 12 | R11: 12 | S11: 11 | T11: 11 | U11: 1 | V11: 0 | W11: 0 | X11: 0 | Y11: 0 | Z11: 0 | AA11: 0 | AB11: 0 | AC11: 0 | AD11: 0 | AE11: 0 | AF11: 0 | AG11: 0 | AH11: 0 | AI11: 0 | AJ11: 0 | AK11: 0
A12: 0 | B12: 0 | C12: 0 | D12: 0 | E12: 0 | F12: 0 | G12: 0 | H12: 0 | I12: 1 | J12: 11 | K12: 11 | L12: 11 | M12: 11 | N12: 11 | O12: 11 | P12: 11 | Q12: 11 | R12: 11 | S12: 11 | T12: 11 | U12: 1 | V12: 0 | W12: 0 | X12: 0 | Y12: 0 | Z12: 0 | AA12: 0 | AB12: 0 | AC12: 0 | AD12: 0 | AE12: 0 | AF12: 0 | AG12: 0 | AH12: 0 | AI12: 0 | AJ12: 0 | AK12: 0
... A36: 0 | B36: 0 | C36: 0 | D36: 0 | E36: 0 | F36: 0 | G36: 0 | H36: 0 | I36: 0 | J36: 0 | K36: 0 | L36: 0 | M36: 0 | N36: 0 | O36: 0 | P36: 0 | Q36: 0 | R36: 0 | S36: 0 | T36: 0 | U36: 0 | V36: 0 | W36: 0 | X36: 0 | Y36: 0 | Z36: 0 | AA36: 0 | AB36: 0 | AC36: 0 | AD36: 0 | AE36: 0 | AF36: 0 | AG36: 0 | AH36: 0 | AI36: 0 | AJ36: 0 | AK36: 0

Sheet transpuestaE
A1: {=TRANSPOSE(Foxy!A1:AK36)} -> 0 | B1: 0 | C1: 0 | D1: 0 | E1: 0 | F1: 0 | G1: 0 | H1: 0 | I1: 0 | J1: 0 | K1: 0 | L1: 0 | M1: 0 | N1: 0 | O1: 0 | P1: 0 | Q1: 0 | R1: 0 | S1: 0 | T1: 0 | U1: 0 | V1: 0 | W1: 0 | X1: 0 | Y1: 0 | Z1: 0 | AA1: 0 | AB1: 0 | AC1: 0 | AD1: 0 | AE1: 0 | AF1: 0 | AG1: 0 | AH1: 0 | AI1: 0 | AJ1: 0
A2: 0 | B2: 0 | C2: 0 | D2: 0 | E2: 0 | F2: 0 | G2: 0 | H2: 0 | I2: 0 | J2: 0 | K2: 0 | L2: 0 | M2: 0 | N2: 0 | O2: 0 | P2: 0 | Q2: 0 | R2: 0 | S2: 0 | T2: 0 | U2: 0 | V2: 0 | W2: 0 | X2: 0 | Y2: 0 | Z2: 0 | AA2: 0 | AB2: 0 | AC2: 0 | AD2: 0 | AE2: 0 | AF2: 0 | AG2: 0 | AH2: 0 | AI2: 0 | AJ2: 0
A3: 0 | B3: 0 | C3: 0 | D3: 0 | E3: 0 | F3: 0 | G3: 0 | H3: 0 | I3: 0 | J3: 0 | K3: 0 | L3: 0 | M3: 0 | N3: 0 | O3: 0 | P3: 0 | Q3: 0 | R3: 0 | S3: 0 | T3: 0 | U3: 0 | V3: 0 | W3: 0 | X3: 0 | Y3: 0 | Z3: 0 | AA3: 0 | AB3: 0 | AC3: 0 | AD3: 0 | AE3: 0 | AF3: 0 | AG3: 0 | AH3: 0 | AI3: 0 | AJ3: 0
A4: 0 | B4: 0 | C4: 1 | D4: 1 | E4: 1 | F4: 1 | G4: 0 | H4: 0 | I4: 0 | J4: 0 | K4: 0 | L4: 0 | M4: 0 | N4: 0 | O4: 0 | P4: 0 | Q4: 0 | R4: 0 | S4: 0 | T4: 0 | U4: 0 | V4: 0 | W4: 0 | X4: 0 | Y4: 0 | Z4: 0 | AA4: 0 | AB4: 0 | AC4: 0 | AD4: 0 | AE4: 0 | AF4: 0 | AG4: 0 | AH4: 0 | AI4: 0 | AJ4: 0
A5: 0 | B5: 0 | C5: 1 | D5: 11 | E5: 11 | F5: 11 | G5: 1 | H5: 1 | I5: 0 | J5: 0 | K5: 0 | L5: 0 | M5: 0 | N5: 0 | O5: 0 | P5: 1 | Q5: 0 | R5: 0 | S5: 0 | T5: 0 | U5: 0 | V5: 0 | W5: 0 | X5: 0 | Y5: 0 | Z5: 0 | AA5: 0 | AB5: 0 | AC5: 0 | AD5: 0 | AE5: 0 | AF5: 0 | AG5: 0 | AH5: 0 | AI5: 0 | AJ5: 0
A6: 0 | B6: 0 | C6: 1 | D6: 11 | E6: 12 | F6: 12 | G6: 11 | H6: 11 | I6: 1 | J6: 0 | K6: 0 | L6: 0 | M6: 0 | N6: 0 | O6: 1 | P6: 11 | Q6: 1 | R6: 0 | S6: 0 | T6: 0 | U6: 0 | V6: 0 | W6: 0 | X6: 0 | Y6: 0 | Z6: 0 | AA6: 0 | AB6: 0 | AC6: 0 | AD6: 0 | AE6: 0 | AF6: 0 | AG6: 0 | AH6: 0 | AI6: 0 | AJ6: 0
A7: 0 | B7: 0 | C7: 1 | D7: 11 | E7: 12 | F7: 12 | G7: 12 | H7: 12 | I7: 11 | J7: 1 | K7: 0 | L7: 0 | M7: 0 | N7: 1 | O7: 1 | P7: 11 | Q7: 1 | R7: 0 | S7: 0 | T7: 0 | U7: 0 | V7: 0 | W7: 0 | X7: 0 | Y7: 0 | Z7: 0 | AA7: 0 | AB7: 0 | AC7: 0 | AD7: 0 | AE7: 0 | AF7: 0 | AG7: 0 | AH7: 0 | AI7: 0 | AJ7: 0
A8: 0 | B8: 0 | C8: 0 | D8: 1 | E8: 11 | F8: 12 | G8: 12 | H8: 12 | I8: 11 | J8: 1 | K8: 0 | L8: 0 | M8: 1 | N8: 11 | O8: 1 | P8: 11 | Q8: 11 | R8: 1 | S8: 0 | T8: 0 | U8: 0 | V8: 0 | W8: 0 | X8: 0 | Y8: 0 | Z8: 0 | AA8: 0 | AB8: 0 | AC8: 0 | AD8: 0 | AE8: 0 | AF8: 0 | AG8: 0 | AH8: 0 | AI8: 0 | AJ8: 0
A9: 0 | B9: 0 | C9: 0 | D9: 1 | E9: 11 | F9: 12 | G9: 12 | H9: 12 | I9: 11 | J9: 1 | K9: 1 | L9: 1 | M9: 1 | N9: 11 | O9: 11 | P9: 11 | Q9: 11 | R9: 1 | S9: 1 | T9: 1 | U9: 0 | V9: 0 | W9: 0 | X9: 0 | Y9: 0 | Z9: 0 | AA9: 0 | AB9: 0 | AC9: 0 | AD9: 0 | AE9: 0 | AF9: 0 | AG9: 0 | AH9: 0 | AI9: 0 | AJ9: 0
A10: 0 | B10: 0 | C10: 0 | D10: 0 | E10: 1 | F10: 11 | G10: 11 | H10: 11 | I10: 11 | J10: 1 | K10: 11 | L10: 11 | M10: 1 | N10: 11 | O10: 11 | P10: 11 | Q10: 11 | R10: 1 | S10: 1 | T10: 11 | U10: 1 | V10: 1 | W10: 0 | X10: 0 | Y10: 0 | Z10: 0 | AA10: 0 | AB10: 0 | AC10: 0 | AD10: 0 | AE10: 0 | AF10: 0 | AG10: 0 | AH10: 0 | AI10: 0 | AJ10: 0
A11: 0 | B11: 0 | C11: 0 | D11: 0 | E11: 0 | F11: 1 | G11: 1 | H11: 1 | I11: 1 | J11: 11 | K11: 11 | L11: 11 | M11: 11 | N11: 1 | O11: 1 | P11: 11 | Q11: 1 | R11: 1 | S11: 1 | T11: 1 | U11: 11 | V11: 11 | W11: 1 | X11: 1 | Y11: 0 | Z11: 0 | AA11: 0 | AB11: 0 | AC11: 0 | AD11: 0 | AE11: 0 | AF11: 0 | AG11: 0 | AH11: 0 | AI11: 0 | AJ11: 0
A12: 0 | B12: 0 | C12: 0 | D12: 0 | E12: 1 | F12: 1 | G12: 1 | H12: 1 | I12: 11 | J12: 11 | K12: 12 | L12: 11 | M12: 1 | N12: 1 | O12: 1 | P12: 1 | Q12: 13 | R12: 13 | S12: 13 | T12: 0 | U12: 1 | V12: 1 | W12: 11 | X12: 1 | Y12: 1 | Z12: 0 | AA12: 0 | AB12: 0 | AC12: 0 | AD12: 0 | AE12: 0 | AF12: 0 | AG12: 0 | AH12: 0 | AI12: 0 | AJ12: 0
A13: 0 | B13: 0 | C13: 0 | D13: 0 | E13: 1 | F13: 11 | G13: 1 | H13: 1 | I13: 11 | J13: 11 | K13: 12 | L13: 11 | M13: 1 | N13: 1 | O13: 1 | P13: 1 | Q13: 13 | R13: 13 | S13: 13 | T13: 1 | U13: 1 | V13: 0 | W13: 1 | X13: 11 | Y13: 1 | Z13: 0 | AA13: 0 | AB13: 0 | AC13: 0 | AD13: 0 | AE13: 0 | AF13: 0 | AG13: 0 | AH13: 0 | AI13: 0 | AJ13: 0
... A37: 0 | B37: 0 | C37: 0 | D37: 0 | E37: 0 | F37: 0 | G37: 0 | H37: 0 | I37: 0 | J37: 0 | K37: 0 | L37: 0 | M37: 0 | N37: 0 | O37: 0 | P37: 0 | Q37: 0 | R37: 0 | S37: 0 | T37: 0 | U37: 0 | V37: 0 | W37: 0 | X37: 0 | Y37: 0 | Z37: 0 | AA37: 0 | AB37: 0 | AC37: 0 | AD37: 0 | AE37: 0 | AF37: 0 | AG37: 0 | AH37: 0 | AI37: 0 | AJ37: 0

Sheet Fantasma
A1: 5 | B1: 5 | C1: 5 | D1: 5 | E1: 5 | F1: 5 | G1: 5 | H1: 5 | I1: 5 | J1: 5 | K1: 5 | L1: 5 | M1: 5 | N1: 5 | O1: 5 | P1: 5 | Q1: 5 | R1: 5 | S1: 5 | T1: 5 | U1: 5 | V1: 5 | W1: 5 | X1: 5 | Y1: 5 | Z1: 5 | AA1: 5 | AB1: 5 | AC1: 5 | AD1: 5 | AE1: 5 | AF1: 5 | AG1: 5 | AH1: 5 | AI1: 5 | AJ1: 5
A2: 5 | B2: 5 | C2: 5 | D2: 5 | E2: 5 | F2: 5 | G2: 5 | H2: 5 | I2: 5 | J2: 5 | K2: 5 | L2: 5 | M2: 5 | N2: 5 | O2: 1 | P2: 1 | Q2: 1 | R2: 1 | S2: 1 | T2: 1 | U2: 1 | V2: 5 | W2: 5 | X2: 5 | Y2: 5 | Z2: 5 | AA2: 5 | AB2: 5 | AC2: 5 | AD2: 5 | AE2: 5 | AF2: 5 | AG2: 5 | AH2: 5 | AI2: 5 | AJ2: 5
A3: 5 | B3: 5 | C3: 5 | D3: 5 | E3: 5 | F3: 5 | G3: 5 | H3: 5 | I3: 5 | J3: 5 | K3: 5 | L3: 5 | M3: 1 | N3: 1 | O3: 9 | P3: 9 | Q3: 9 | R3: 9 | S3: 9 | T3: 9 | U3: 9 | V3: 1 | W3: 1 | X3: 5 | Y3: 5 | Z3: 5 | AA3: 5 | AB3: 5 | AC3: 5 | AD3: 5 | AE3: 5 | AF3: 5 | AG3: 5 | AH3: 5 | AI3: 5 | AJ3: 5
A4: 5 | B4: 5 | C4: 5 | D4: 5 | E4: 5 | F4: 5 | G4: 5 | H4: 5 | I4: 5 | J4: 5 | K4: 5 | L4: 1 | U4: 9 | V4: 9 | W4: 9 | X4: 1 | Y4: 5 | Z4: 5 | AA4: 5 | AB4: 5 | AC4: 5 | AD4: 5 | AE4: 5 | AF4: 5 | AG4: 5 | AH4: 5 | AI4: 5 | AJ4: 5
A5: 5 | B5: 5 | C5: 5 | D5: 5 | E5: 5 | F5: 5 | G5: 5 | H5: 5 | I5: 5 | J5: 5 | K5: 1 | U5: 9 | V5: 9 | W5: 9 | X5: 9 | Y5: 1 | Z5: 5 | AA5: 5 | AB5: 5 | AC5: 5 | AD5: 5 | AE5: 5 | AF5: 5 | AG5: 5 | AH5: 5 | AI5: 5 | AJ5: 5
A6: 5 | B6: 5 | C6: 5 | D6: 5 | E6: 5 | F6: 5 | G6: 5 | H6: 5 | I6: 5 | J6: 1 | W6: 9 | X6: 9 | Y6: 1 | Z6: 5 | AA6: 5 | AB6: 5 | AC6: 5 | AD6: 5 | AE6: 5 | AF6: 5 | AG6: 5 | AH6: 5 | AI6: 5 | AJ6: 5
A7: 5 | B7: 5 | C7: 5 | D7: 5 | E7: 5 | F7: 5 | G7: 5 | H7: 5 | I7: 5 | J7: 1 | W7: 9 | X7: 9 | Y7: 9 | Z7: 1 | AA7: 5 | AB7: 5 | AC7: 5 | AD7: 5 | AE7: 5 | AF7: 5 | AG7: 5 | AH7: 5 | AI7: 5 | AJ7: 5
A8: 5 | B8: 5 | C8: 5 | D8: 5 | E8: 5 | F8: 5 | G8: 5 | H8: 5 | I8: 1 | M8: 1 | Q8: 1 | X8: 9 | Y8: 9 | Z8: 1 | AA8: 5 | AB8: 5 | AC8: 5 | AD8: 5 | AE8: 5 | AF8: 5 | AG8: 5 | AH8: 5 | AI8: 5 | AJ8: 5
A9: 5 | B9: 5 | C9: 5 | D9: 5 | E9: 5 | F9: 5 | G9: 5 | H9: 5 | I9: 1 | L9: 1 | M9: 1 | Q9: 1 | R9: 1 | X9: 9 | Y9: 9 | Z9: 1 | AA9: 5 | AB9: 5 | AC9: 5 | AD9: 5 | AE9: 5 | AF9: 5 | AG9: 5 | AH9: 5 | AI9: 5 | AJ9: 5
A10: 5 | B10: 5 | C10: 5 | D10: 5 | E10: 5 | F10: 5 | G10: 5 | H10: 5 | I10: 1 | K10: 1 | L10: 1 | M10: 1 | Q10: 1 | R10: 1 | S10: 1 | X10: 9 | Y10: 9 | Z10: 9 | AA10: 1 | AB10: 5 | AC10: 5 | AD10: 5 | AE10: 5 | AF10: 5 | AG10: 5 | AH10: 5 | AI10: 5 | AJ10: 5
A11: 5 | B11: 5 | C11: 5 | D11: 5 | E11: 5 | F11: 5 | G11: 5 | H11: 5 | I11: 1 | K11: 1 | L11: 1 | M11: 1 | Q11: 1 | R11: 1 | S11: 1 | X11: 9 | Y11: 9 | Z11: 9 | AA11: 1 | AB11: 5 | AC11: 5 | AD11: 5 | AE11: 5 | AF11: 5 | AG11: 5 | AH11: 5 | AI11: 5 | AJ11: 5
A12: 5 | B12: 5 | C12: 5 | D12: 5 | E12: 5 | F12: 1 | G12: 1 | H12: 1 | I12: 1 | X12: 9 | Y12: 9 | Z12: 9 | AA12: 1 | AB12: 5 | AC12: 5 | AD12: 5 | AE12: 5 | AF12: 5 | AG12: 5 | AH12: 5 | AI12: 5 | AJ12: 5
A13: 5 | B13: 5 | C13: 5 | D13: 5 | E13: 1 | X13: 9 | Y13: 9 | Z13: 9 | AA13: 1 | AB13: 5 | AC13: 5 | AD13: 5 | AE13: 5 | AF13: 5 | AG13: 5 | AH13: 5 | AI13: 5 | AJ13: 5
A14: 5 | B14: 5 | C14: 5 | D14: 1 | N14: 1 | O14: 1 | P14: 1 | X14: 9 | Y14: 9 | Z14: 9 | AA14: 1 | AB14: 5 | AC14: 5 | AD14: 5 | AE14: 5 | AF14: 5 | AG14: 5 | AH14: 5 | AI14: 5 | AJ14: 5
A15: 5 | B15: 5 | C15: 5 | D15: 1 | J15: 9 | T15: 1 | U15: 1 | V15: 1 | W15: 1 | X15: 9 | Y15: 9 | Z15: 9 | AA15: 9 | AB15: 1 | AC15: 5 | AD15: 5 | AE15: 5 | AF15: 5 | AG15: 5 | AH15: 5 | AI15: 5 | AJ15: 5
A16: 5 | B16: 5 | C16: 1 | I16: 9 | J16: 9 | S16: 1 | X16: 1 | Y16: 9 | Z16: 9 | AA16: 9 | AB16: 1 | AC16: 5 | AD16: 5 | AE16: 5 | AF16: 5 | AG16: 5 | AH16: 5 | AI16: 5 | AJ16: 5
A17: 5 | B17: 5 | C17: 1 | H17: 9 | I17: 9 | J17: 9 | R17: 1 | Y17: 1 | Z17: 9 | AA17: 9 | AB17: 1 | AC17: 5 | AD17: 5 | AE17: 5 | AF17: 5 | AG17: 5 | AH17: 5 | AI17: 5 | AJ17: 5
A18: 5 | B18: 5 | C18: 1 | G18: 9 | H18: 9 | I18: 9 | J18: 9 | Q18: 1 | Z18: 9 | AA18: 9 | AB18: 1 | AC18: 5 | AD18: 5 | AE18: 5 | AF18: 5 | AG18: 5 | AH18: 5 | AI18: 5 | AJ18: 5
A19: 5 | B19: 5 | C19: 1 | G19: 9 | H19: 9 | I19: 9 | J19: 9 | Q19: 1 | Z19: 9 | AA19: 9 | AB19: 1 | AC19: 5 | AD19: 5 | AE19: 5 | AF19: 5 | AG19: 5 | AH19: 5 | AI19: 5 | AJ19: 5
A20: 5 | B20: 5 | C20: 5 | D20: 1 | E20: 1 | F20: 1 | G20: 1 | H20: 9 | I20: 9 | J20: 9 | Q20: 1 | R20: 1 | S20: 1 | Z20: 9 | AA20: 9 | AB20: 1 | AC20: 5 | AD20: 5 | AE20: 5 | AF20: 5 | AG20: 5 | AH20: 5 | AI20: 5 | AJ20: 5
A21: 5 | B21: 5 | C21: 5 | D21: 5 | E21: 1 | F21: 9 | G21: 9 | H21: 1 | I21: 9 | J21: 9 | R21: 1 | T21: 1 | AA21: 9 | AB21: 1 | AC21: 5 | AD21: 5 | AE21: 5 | AF21: 5 | AG21: 5 | AH21: 5 | AI21: 5 | AJ21: 5
A22: 5 | B22: 5 | C22: 5 | D22: 5 | E22: 5 | F22: 1 | G22: 9 | H22: 1 | I22: 9 | J22: 9 | M22: 9 | R22: 1 | T22: 1 | AA22: 9 | AB22: 9 | AC22: 1 | AD22: 5 | AE22: 5 | AF22: 5 | AG22: 5 | AH22: 5 | AI22: 5 | AJ22: 5
A23: 5 | B23: 5 | C23: 5 | D23: 5 | E23: 5 | F23: 5 | G23: 1 | H23: 1 | I23: 9 | J23: 9 | M23: 9 | S23: 1 | U23: 1 | AA23: 9 | AB23: 9 | AC23: 1 | AD23: 5 | AE23: 5 | AF23: 5 | AG23: 5 | AH23: 5 | AI23: 5 | AJ23: 5
A24: 5 | B24: 5 | C24: 5 | D24: 5 | E24: 5 | F24: 5 | G24: 5 | H24: 1 | I24: 9 | J24: 9 | M24: 9 | S24: 1 | V24: 1 | AA24: 9 | AB24: 9 | AC24: 1 | AD24: 5 | AE24: 5 | AF24: 5 | AG24: 5 | AH24: 5 | AI24: 5 | AJ24: 5
A25: 5 | B25: 5 | C25: 5 | D25: 5 | E25: 5 | F25: 5 | G25: 5 | H25: 1 | I25: 9 | J25: 9 | M25: 9 | R25: 9 | S25: 9 | T25: 1 | V25: 1 | Y25: 9 | AA25: 9 | AB25: 9 | AC25: 1 | AD25: 5 | AE25: 5 | AF25: 5 | AG25: 5 | AH25: 5 | AI25: 5 | AJ25: 5
A26: 5 | B26: 5 | C26: 5 | D26: 5 | E26: 5 | F26: 5 | G26: 5 | H26: 1 | I26: 9 | J26: 9 | M26: 9 | R26: 9 | S26: 9 | T26: 9 | U26: 1 | V26: 1 | Y26: 9 | AA26: 9 | AB26: 9 | AC26: 9 | AD26: 1 | AE26: 5 | AF26: 5 | AG26: 5 | AH26: 5 | AI26: 5 | AJ26: 5
A27: 5 | B27: 5 | C27: 5 | D27: 5 | E27: 5 | F27: 5 | G27: 5 | H27: 1 | I27: 9 | J27: 9 | M27: 9 | R27: 9 | S27: 9 | T27: 9 | U27: 9 | V27: 1 | Y27: 9 | Z27: 9 | AA27: 9 | AB27: 9 | AC27: 9 | AD27: 1 | AE27: 5 | AF27: 5 | AG27: 5 | AH27: 5 | AI27: 5 | AJ27: 5
A28: 5 | B28: 5 | C28: 5 | D28: 5 | E28: 5 | F28: 5 | G28: 5 | H28: 1 | I28: 9 | J28: 9 | M28: 9 | R28: 9 | S28: 9 | T28: 9 | U28: 9 | V28: 9 | W28: 1 | Y28: 9 | Z28: 9 | AA28: 9 | AB28: 9 | AC28: 9 | AD28: 1 | AE28: 5 | AF28: 5 | AG28: 5 | AH28: 5 | AI28: 5 | AJ28: 5
A29: 5 | B29: 5 | C29: 5 | D29: 5 | E29: 5 | F29: 5 | G29: 5 | H29: 1 | I29: 9 | J29: 9 | M29: 9 | N29: 9 | R29: 9 | S29: 9 | T29: 9 | U29: 9 | V29: 9 | W29: 9 | Z29: 9 | AA29: 9 | AB29: 9 | AC29: 9 | AD29: 9 | AE29: 1 | AF29: 5 | AG29: 5 | AH29: 5 | AI29: 5 | AJ29: 5
A30: 5 | B30: 5 | C30: 5 | D30: 5 | E30: 5 | F30: 5 | G30: 5 | H30: 1 | I30: 9 | J30: 9 | K30: 9 | M30: 9 | N30: 9 | S30: 9 | T30: 9 | U30: 9 | V30: 9 | W30: 9 | Z30: 9 | AA30: 9 | AB30: 9 | AC30: 9 | AD30: 9 | AE30: 1 | AF30: 5 | AG30: 5 | AH30: 5 | AI30: 5 | AJ30: 5
A31: 5 | B31: 5 | C31: 5 | D31: 5 | E31: 5 | F31: 5 | G31: 5 | H31: 5 | I31: 1 | J31: 9 | K31: 9 | M31: 9 | N31: 9 | S31: 9 | T31: 9 | U31: 9 | V31: 9 | W31: 9 | Z31: 9 | AA31: 9 | AB31: 9 | AC31: 9 | AD31: 9 | AE31: 9 | AF31: 1 | AG31: 5 | AH31: 5 | AI31: 5 | AJ31: 5
A32: 5 | B32: 5 | C32: 5 | D32: 5 | E32: 5 | F32: 5 | G32: 5 | H32: 5 | I32: 1 | J32: 9 | K32: 1 | L32: 1 | M32: 1 | N32: 1 | O32: 1 | P32: 1 | S32: 9 | T32: 9 | U32: 9 | V32: 9 | W32: 9 | X32: 9 | AA32: 9 | AB32: 9 | AC32: 9 | AD32: 9 | AE32: 9 | AF32: 1 | AG32: 5 | AH32: 5 | AI32: 5 | AJ32: 5
A33: 5 | B33: 5 | C33: 5 | D33: 5 | E33: 5 | F33: 5 | G33: 5 | H33: 5 | I33: 1 | J33: 1 | K33: 9 | L33: 9 | M33: 9 | N33: 9 | O33: 9 | P33: 1 | Q33: 1 | R33: 9 | S33: 9 | T33: 9 | U33: 9 | V33: 9 | W33: 9 | X33: 9 | Y33: 9 | AB33: 9 | AC33: 9 | AD33: 9 | AE33: 9 | AF33: 9 | AG33: 1 | AH33: 5 | AI33: 5 | AJ33: 5
A34: 5 | B34: 5 | C34: 5 | D34: 5 | E34: 5 | F34: 5 | G34: 5 | H34: 5 | I34: 1 | J34: 1 | K34: 9 | L34: 9 | M34: 9 | N34: 9 | O34: 9 | P34: 1 | Q34: 9 | R34: 1 | S34: 9 | T34: 9 | U34: 9 | V34: 9 | W34: 9 | X34: 9 | Y34: 9 | Z34: 9 | AA34: 9 | AB34: 9 | AC34: 9 | AD34: 9 | AE34: 9 | AF34: 9 | AG34: 1 | AH34: 5 | AI34: 5 | AJ34: 5
A35: 5 | B35: 5 | C35: 5 | D35: 5 | E35: 5 | F35: 5 | G35: 5 | H35: 5 | I35: 5 | J35: 1 | K35: 1 | L35: 1 | M35: 1 | N35: 1 | O35: 1 | P35: 1 | Q35: 1 | R35: 9 | S35: 9 | T35: 9 | U35: 9 | V35: 9 | W35: 9 | X35: 9 | Y35: 9 | Z35: 9 | AA35: 9 | AB35: 9 | AC35: 9 | AD35: 9 | AE35: 9 | AF35: 9 | AG35: 9 | AH35: 1 | AI35: 5 | AJ35: 5
A36: 5 | B36: 5 | C36: 5 | D36: 5 | E36: 5 | F36: 5 | G36: 5 | H36: 5 | I36: 5 | J36: 5 | K36: 5 | L36: 5 | M36: 5 | N36: 5 | O36: 5 | P36: 5 | Q36: 1 | R36: 1 | S36: 1 | T36: 1 | U36: 1 | V36: 1 | W36: 1 | X36: 1 | Y36: 1 | Z36: 1 | AA36: 1 | AB36: 1 | AC36: 1 | AD36: 1 | AE36: 1 | AF36: 1 | AG36: 1 | AH36: 1 | AI36: 1 | AJ36: 5

Sheet Pezz
T1: 1 | U1: 1 | V1: 1 | W1: 1 | X1: 1 | Y1: 1 | Z1: 1 | AA1: 1 | AB1: 1 | AC1: 1 | AD1: 1 | AE1: 1 | AF1: 1 | AG1: 1 | AH1: 1 | AI1: 1 | AJ1: 1
R2: 1 | S2: 1 | T2: 1 | U2: 1 | V2: 1 | W2: 1 | X2: 1 | Y2: 1 | Z2: 1 | AA2: 1 | AE2: 9 | AF2: 1 | AG2: 1 | AH2: 1 | AI2: 1 | AJ2: 1
P3: 1 | Q3: 1 | R3: 1 | S3: 1 | T3: 1 | U3: 1 | V3: 1 | W3: 1 | X3: 1 | Y3: 1 | Z3: 1 | AE3: 9 | AF3: 1 | AG3: 1 | AH3: 1 | AI3: 1 | AJ3: 1
O4: 1 | P4: 1 | Q4: 1 | T4: 10 | Y4: 1 | Z4: 1 | AD4: 9 | AE4: 9 | AF4: 1 | AG4: 1 | AH4: 1 | AI4: 1 | AJ4: 1
O5: 1 | P5: 1 | AC5: 9 | AD5: 9 | AE5: 1 | AF5: 1 | AG5: 1 | AH5: 1 | AI5: 1 | AJ5: 1
I6: 1 | O6: 1 | P6: 1 | AC6: 1 | AD6: 1 | AE6: 1 | AF6: 1 | AG6: 1 | AH6: 1 | AI6: 1 | AJ6: 1
D7: 1 | F7: 1 | I7: 1 | O7: 1 | P7: 1 | Z7: 9 | AA7: 9 | AD7: 1 | AE7: 1 | AF7: 1 | AG7: 1 | AH7: 1 | AI7: 1 | AJ7: 1
D8: 1 | E8: 1 | F8: 1 | H8: 1 | I8: 1 | O8: 1 | P8: 1 | Q8: 1 | S8: 10 | AB8: 9 | AE8: 1 | AF8: 1 | AG8: 1 | AH8: 1 | AI8: 1 | AJ8: 1
B9: 1 | E9: 1 | F9: 1 | G9: 1 | H9: 1 | I9: 1 | L9: 1 | P9: 1 | Q9: 1 | R9: 1 | AB9: 9 | AF9: 1 | AG9: 1 | AH9: 1 | AI9: 1 | AJ9: 1
B10: 1 | C10: 1 | E10: 1 | F10: 1 | G10: 1 | H10: 1 | K10: 1 | L10: 1 | P10: 1 | Q10: 1 | R10: 1 | S10: 1 | W10: 9 | AC10: 9 | AF10: 1 | AG10: 1 | AH10: 1 | AI10: 1 | AJ10: 1
C11: 1 | F11: 1 | G11: 1 | J11: 1 | K11: 1 | Q11: 1 | R11: 1 | S11: 1 | T11: 1 | U11: 1 | X11: 9 | Y11: 9 | Z11: 9 | AD11: 9 | AG11: 1 | AH11: 1 | AI11: 1 | AJ11: 1
C12: 1 | D12: 1 | F12: 1 | G12: 1 | I12: 1 | J12: 1 | Q12: 1 | R12: 1 | S12: 1 | T12: 1 | AA12: 9 | AB12: 9 | AE12: 9 | AG12: 1 | AH12: 1 | AI12: 1 | AJ12: 1
C13: 1 | D13: 1 | E13: 1 | F13: 1 | G13: 1 | H13: 1 | I13: 1 | J13: 1 | K13: 1 | R13: 1 | S13: 1 | T13: 1 | X13: 9 | Y13: 1 | Z13: 1 | AC13: 9 | AD13: 9 | AG13: 9 | AH13: 1 | AI13: 1 | AJ13: 1
D14: 10 | E14: 1 | F14: 1 | G14: 1 | H14: 1 | I14: 1 | R14: 1 | S14: 1 | T14: 1 | W14: 9 | X14: 9 | Y14: 1 | Z14: 1 | AA14: 1 | AG14: 9 | AH14: 1 | AI14: 1 | AJ14: 1
D15: 10 | E15: 1 | F15: 1 | G15: 1 | H15: 1 | S15: 1 | T15: 1 | W15: 9 | X15: 1 | Y15: 1 | Z15: 1 | AA15: 1 | AB15: 1 | AC15: 1 | AG15: 9 | AH15: 1 | AI15: 1 | AJ15: 1
D16: 10 | E16: 1 | F16: 1 | G16: 1 | S16: 1 | T16: 1 | U16: 1 | V16: 9 | W16: 1 | X16: 1 | Y16: 1 | Z16: 1 | AA16: 1 | AB16: 1 | AC16: 1 | AG16: 9 | AH16: 1 | AI16: 1 | AJ16: 1
D17: 10 | E17: 1 | F17: 1 | G17: 1 | O17: 10 | S17: 1 | T17: 1 | U17: 1 | V17: 1 | W17: 1 | X17: 1 | Y17: 1 | Z17: 1 | AA17: 1 | AB17: 1 | AC17: 1 | AG17: 9 | AH17: 1 | AI17: 1 | AJ17: 1
D18: 10 | E18: 1 | F18: 1 | G18: 1 | N18: 10 | O18: 1 | S18: 1 | T18: 1 | U18: 1 | V18: 1 | W18: 1 | X18: 1 | Y18: 1 | Z18: 1 | AA18: 1 | AB18: 1 | AG18: 9 | AH18: 1 | AI18: 1 | AJ18: 1
D19: 10 | E19: 1 | F19: 1 | G19: 1 | H19: 1 | I19: 1 | M19: 10 | N19: 10 | T19: 1 | U19: 1 | V19: 1 | W19: 1 | X19: 1 | Y19: 1 | Z19: 1 | AA19: 1 | AD19: 9 | AG19: 9 | AH19: 1 | AI19: 1 | AJ19: 1
D20: 10 | E20: 1 | F20: 1 | G20: 10 | H20: 10 | I20: 1 | J20: 1 | M20: 10 | N20: 1 | P20: 1 | T20: 1 | U20: 1 | V20: 1 | W20: 1 | X20: 1 | Y20: 1 | Z20: 9 | AA20: 9 | AD20: 9 | AF20: 9 | AI20: 1 | AJ20: 1
E21: 1 | F21: 10 | G21: 1 | H21: 1 | I21: 10 | J21: 10 | K21: 1 | L21: 1 | M21: 1 | N21: 1 | O21: 1 | P21: 1 | U21: 1 | V21: 1 | W21: 1 | X21: 1 | Y21: 1 | Z21: 9 | AC21: 9 | AD21: 9 | AF21: 9 | AJ21: 1
E22: 1 | F22: 1 | G22: 10 | H22: 1 | I22: 1 | J22: 1 | K22: 10 | L22: 10 | M22: 10 | N22: 1 | O22: 1 | U22: 1 | V22: 1 | W22: 1 | X22: 1 | Y22: 9 | AB22: 9 | AC22: 9 | AF22: 9 | AG22: 9 | AJ22: 1
F23: 1 | G23: 1 | H23: 10 | I23: 1 | J23: 1 | K23: 1 | L23: 1 | M23: 1 | N23: 10 | O23: 1 | P23: 1 | Q23: 1 | V23: 1 | W23: 1 | X23: 1 | AA23: 9 | AB23: 9 | AG23: 9 | AJ23: 1
F24: 1 | G24: 1 | H24: 1 | I24: 10 | J24: 1 | K24: 1 | L24: 1 | M24: 1 | N24: 1 | O24: 1 | P24: 1 | Q24: 1 | R24: 1 | V24: 1 | W24: 1 | X24: 1 | Y24: 1 | Z24: 1 | AA24: 9 | AD24: 9 | AG24: 9 | AH24: 9 | AJ24: 1
G25: 1 | H25: 1 | I25: 10 | J25: 1 | K25: 1 | L25: 1 | M25: 1 | N25: 1 | O25: 1 | P25: 1 | Q25: 1 | R25: 10 | S25: 1 | W25: 1 | X25: 1 | Y25: 1 | Z25: 1 | AA25: 1 | AD25: 9 | AH25: 9 | AI25: 1 | AJ25: 1
H26: 1 | I26: 1 | J26: 10 | K26: 10 | L26: 1 | M26: 1 | N26: 1 | O26: 1 | P26: 1 | Q26: 1 | R26: 1 | S26: 1 | T26: 1 | W26: 1 | X26: 1 | Y26: 1 | Z26: 1 | AA26: 1 | AC26: 9 | AD26: 9 | AF26: 1 | AH26: 1 | AI26: 1 | AJ26: 1
I27: 1 | J27: 1 | K27: 1 | L27: 1 | M27: 1 | N27: 1 | O27: 1 | P27: 1 | Q27: 1 | R27: 1 | S27: 1 | T27: 1 | W27: 1 | X27: 1 | Y27: 1 | Z27: 1 | AA27: 1 | AB27: 1 | AC27: 1 | AD27: 1 | AE27: 1 | AF27: 1 | AG27: 1 | AH27: 1 | AI27: 1 | AJ27: 1
G28: 10 | H28: 10 | I28: 1 | J28: 1 | K28: 1 | L28: 1 | M28: 1 | N28: 1 | O28: 1 | P28: 1 | Q28: 1 | R28: 1 | S28: 1 | T28: 1 | W28: 1 | X28: 1 | Y28: 1 | Z28: 1 | AA28: 1 | AB28: 1 | AC28: 1 | AD28: 1 | AE28: 1 | AF28: 1 | AG28: 1 | AH28: 1 | AI28: 1 | AJ28: 1
F29: 10 | G29: 10 | H29: 1 | I29: 1 | J29: 1 | M29: 1 | N29: 1 | O29: 1 | P29: 1 | Q29: 10 | R29: 1 | S29: 1 | W29: 1 | X29: 1 | Y29: 1 | Z29: 1 | AA29: 1 | AB29: 1 | AC29: 1 | AD29: 1 | AE29: 1 | AF29: 1 | AG29: 1 | AH29: 1 | AI29: 1 | AJ29: 1
F30: 10 | G30: 1 | I30: 1 | J30: 1 | V30: 1 | W30: 1 | X30: 1 | Y30: 1 | Z30: 1 | AA30: 1 | AB30: 1 | AC30: 1 | AD30: 1 | AE30: 1 | AF30: 1 | AG30: 1 | AH30: 1 | AI30: 1 | AJ30: 1
F31: 10 | I31: 1 | T31: 1 | U31: 1 | V31: 1 | W31: 1 | X31: 1 | Y31: 1 | Z31: 1 | AA31: 1 | AB31: 1 | AC31: 1 | AD31: 1 | AE31: 1 | AF31: 1 | AG31: 1 | AH31: 1 | AI31: 1 | AJ31: 1
R32: 1 | S32: 1 | T32: 1 | U32: 1 | V32: 1 | W32: 1 | X32: 1 | Y32: 1 | Z32: 1 | AA32: 1 | AB32: 1 | AC32: 1 | AD32: 1 | AE32: 1 | AF32: 1 | AG32: 1 | AH32: 1 | AI32: 1 | AJ32: 1
O33: 1 | P33: 1 | Q33: 1 | R33: 1 | S33: 1 | T33: 1 | U33: 1 | V33: 1 | W33: 1 | X33: 1 | Y33: 1 | Z33: 1 | AA33: 1 | AB33: 1 | AC33: 1 | AD33: 1 | AE33: 1 | AF33: 1 | AG33: 1 | AH33: 1 | AI33: 1 | AJ33: 1
M34: 1 | N34: 1 | O34: 1 | P34: 1 | Q34: 1 | R34: 1 | S34: 1 | T34: 1 | U34: 1 | V34: 1 | W34: 1 | X34: 1 | Y34: 1 | Z34: 1 | AA34: 1 | AB34: 1 | AC34: 1 | AD34: 1 | AE34: 1 | AF34: 1 | AG34: 1 | AH34: 1 | AI34: 1 | AJ34: 1
L35: 1 | M35: 1 | N35: 1 | O35: 1 | P35: 1 | Q35: 1 | R35: 1 | S35: 1 | T35: 1 | U35: 1 | V35: 1 | W35: 1 | X35: 1 | Y35: 1 | Z35: 1 | AA35: 1 | AB35: 1 | AC35: 1 | AD35: 1 | AE35: 1 | AF35: 1 | AG35: 1 | AH35: 1 | AI35: 1 | AJ35: 1
K36: 1 | L36: 1 | M36: 1 | N36: 1 | O36: 1 | P36: 1 | Q36: 1 | R36: 1 | S36: 1 | T36: 1 | U36: 1 | V36: 1 | W36: 1 | X36: 1 | Y36: 1 | Z36: 1 | AA36: 1 | AB36: 1 | AC36: 1 | AD36: 1 | AE36: 1 | AF36: 1 | AG36: 1 | AH36: 1 | AI36: 1 | AJ36: 1

Sheet Suma
A1: =Fantasma!A1 + Pezz!A1 * 0.7 -> 5 | B1: =Fantasma!B1 + Pezz!B1 -> 5 | C1: =Fantasma!C1 + Pezz!C1 -> 5 | D1: =Fantasma!D1 + Pezz!D1 -> 5 | E1: =Fantasma!E1 + Pezz!E1 -> 5 | F1: =Fantasma!F1 + Pezz!F1 -> 5 | G1: =Fantasma!G1 + Pezz!G1 -> 5 | H1: =Fantasma!H1 + Pezz!H1 -> 5 | I1: =Fantasma!I1 + Pezz!I1 -> 5 | ... AJ1: =Fantasma!AJ1 + Pezz!AJ1 -> 6
A2: =Fantasma!A2 + Pezz!A2 -> 5 | B2: =Fantasma!B2 + Pezz!B2 -> 5 | C2: =Fantasma!C2 + Pezz!C2 -> 5 | D2: =Fantasma!D2 + Pezz!D2 -> 5 | E2: =Fantasma!E2 + Pezz!E2 -> 5 | F2: =Fantasma!F2 + Pezz!F2 -> 5 | G2: =Fantasma!G2 + Pezz!G2 -> 5 | H2: =Fantasma!H2 + Pezz!H2 -> 5 | ... AJ2: =Fantasma!AJ2 + Pezz!AJ2 -> 6
A3: =Fantasma!A3 + Pezz!A3 -> 5 | B3: =Fantasma!B3 + Pezz!B3 -> 5 | C3: =Fantasma!C3 + Pezz!C3 -> 5 | D3: =Fantasma!D3 + Pezz!D3 -> 5 | E3: =Fantasma!E3 + Pezz!E3 -> 5 | F3: =Fantasma!F3 + Pezz!F3 -> 5 | G3: =Fantasma!G3 + Pezz!G3 -> 5 | H3: =Fantasma!H3 + Pezz!H3 -> 5 | ... AJ3: =Fantasma!AJ3 + Pezz!AJ3 -> 6
A4: =Fantasma!A4 + Pezz!A4 -> 5 | B4: =Fantasma!B4 + Pezz!B4 -> 5 | C4: =Fantasma!C4 + Pezz!C4 -> 5 | D4: =Fantasma!D4 + Pezz!D4 -> 5 | E4: =Fantasma!E4 + Pezz!E4 -> 5 | F4: =Fantasma!F4 + Pezz!F4 -> 5 | G4: =Fantasma!G4 + Pezz!G4 -> 5 | H4: =Fantasma!H4 + Pezz!H4 -> 5 | ... AJ4: =Fantasma!AJ4 + Pezz!AJ4 -> 6
A5: =Fantasma!A5 + Pezz!A5 -> 5 | B5: =Fantasma!B5 + Pezz!B5 -> 5 | C5: =Fantasma!C5 + Pezz!C5 -> 5 | D5: =Fantasma!D5 + Pezz!D5 -> 5 | E5: =Fantasma!E5 + Pezz!E5 -> 5 | F5: =Fantasma!F5 + Pezz!F5 -> 5 | G5: =Fantasma!G5 + Pezz!G5 -> 5 | H5: =Fantasma!H5 + Pezz!H5 -> 5 | ... AJ5: =Fantasma!AJ5 + Pezz!AJ5 -> 6
A6: =Fantasma!A6 + Pezz!A6 -> 5 | B6: =Fantasma!B6 + Pezz!B6 -> 5 | C6: =Fantasma!C6 + Pezz!C6 -> 5 | D6: =Fantasma!D6 + Pezz!D6 -> 5 | E6: =Fantasma!E6 + Pezz!E6 -> 5 | F6: =Fantasma!F6 + Pezz!F6 -> 5 | G6: =Fantasma!G6 + Pezz!G6 -> 5 | H6: =Fantasma!H6 + Pezz!H6 -> 5 | ... AJ6: =Fantasma!AJ6 + Pezz!AJ6 -> 6
A7: =Fantasma!A7 + Pezz!A7 -> 5 | B7: =Fantasma!B7 + Pezz!B7 -> 5 | C7: =Fantasma!C7 + Pezz!C7 -> 5 | D7: =Fantasma!D7 + Pezz!D7 -> 6 | E7: =Fantasma!E7 + Pezz!E7 -> 5 | F7: =Fantasma!F7 + Pezz!F7 -> 6 | G7: =Fantasma!G7 + Pezz!G7 -> 5 | H7: =Fantasma!H7 + Pezz!H7 -> 5 | ... AJ7: =Fantasma!AJ7 + Pezz!AJ7 -> 6
A8: =Fantasma!A8 + Pezz!A8 -> 5 | B8: =Fantasma!B8 + Pezz!B8 -> 5 | C8: =Fantasma!C8 + Pezz!C8 -> 5 | D8: =Fantasma!D8 + Pezz!D8 -> 6 | E8: =Fantasma!E8 + Pezz!E8 -> 6 | F8: =Fantasma!F8 + Pezz!F8 -> 6 | G8: =Fantasma!G8 + Pezz!G8 -> 5 | H8: =Fantasma!H8 + Pezz!H8 -> 6 | ... AJ8: =Fantasma!AJ8 + Pezz!AJ8 -> 6
A9: =Fantasma!A9 + Pezz!A9 -> 5 | B9: =Fantasma!B9 + Pezz!B9 -> 6 | C9: =Fantasma!C9 + Pezz!C9 -> 5 | D9: =Fantasma!D9 + Pezz!D9 -> 5 | E9: =Fantasma!E9 + Pezz!E9 -> 6 | F9: =Fantasma!F9 + Pezz!F9 -> 6 | G9: =Fantasma!G9 + Pezz!G9 -> 6 | H9: =Fantasma!H9 + Pezz!H9 -> 6 | ... AJ9: =Fantasma!AJ9 + Pezz!AJ9 -> 6
A10: =Fantasma!A10 + Pezz!A10 -> 5 | B10: =Fantasma!B10 + Pezz!B10 -> 6 | C10: =Fantasma!C10 + Pezz!C10 -> 6 | D10: =Fantasma!D10 + Pezz!D10 -> 5 | E10: =Fantasma!E10 + Pezz!E10 -> 6 | F10: =Fantasma!F10 + Pezz!F10 -> 6 | G10: =Fantasma!G10 + Pezz!G10 -> 6 | H10: =Fantasma!H10 + Pezz!H10 -> 6 | ... AJ10: =Fantasma!AJ10 + Pezz!AJ10 -> 6
A11: =Fantasma!A11 + Pezz!A11 -> 5 | B11: =Fantasma!B11 + Pezz!B11 -> 5 | C11: =Fantasma!C11 + Pezz!C11 -> 6 | D11: =Fantasma!D11 + Pezz!D11 -> 5 | E11: =Fantasma!E11 + Pezz!E11 -> 5 | F11: =Fantasma!F11 + Pezz!F11 -> 6 | G11: =Fantasma!G11 + Pezz!G11 -> 6 | H11: =Fantasma!H11 + Pezz!H11 -> 5 | ... AJ11: =Fantasma!AJ11 + Pezz!AJ11 -> 6
A12: =Fantasma!A12 + Pezz!A12 -> 5 | B12: =Fantasma!B12 + Pezz!B12 -> 5 | C12: =Fantasma!C12 + Pezz!C12 -> 6 | D12: =Fantasma!D12 + Pezz!D12 -> 6 | E12: =Fantasma!E12 + Pezz!E12 -> 5 | F12: =Fantasma!F12 + Pezz!F12 -> 2 | G12: =Fantasma!G12 + Pezz!G12 -> 2 | H12: =Fantasma!H12 + Pezz!H12 -> 1 | ... AJ12: =Fantasma!AJ12 + Pezz!AJ12 -> 6
A13: =Fantasma!A13 + Pezz!A13 -> 5 | B13: =Fantasma!B13 + Pezz!B13 -> 5 | C13: =Fantasma!C13 + Pezz!C13 -> 6 | D13: =Fantasma!D13 + Pezz!D13 -> 6 | E13: =Fantasma!E13 + Pezz!E13 -> 2 | F13: =Fantasma!F13 + Pezz!F13 -> 1 | G13: =Fantasma!G13 + Pezz!G13 -> 1 | H13: =Fantasma!H13 + Pezz!H13 -> 1 | ... AJ13: =Fantasma!AJ13 + Pezz!AJ13 -> 6
... A35: =Fantasma!A35 + Pezz!A35 -> 5 | B35: =Fantasma!B35 + Pezz!B35 -> 5 | C35: =Fantasma!C35 + Pezz!C35 -> 5 | D35: =Fantasma!D35 + Pezz!D35 -> 5 | E35: =Fantasma!E35 + Pezz!E35 -> 5 | F35: =Fantasma!F35 + Pezz!F35 -> 5 | G35: =Fantasma!G35 + Pezz!G35 -> 5 | H35: =Fantasma!H35 + Pezz!H35 -> 5 | ... AJ35: =Fantasma!AJ35 + Pezz!AJ35 -> 6
A36: =Fantasma!A36 + Pezz!A36 -> 5 | B36: =Fantasma!B36 + Pezz!B36 -> 5 | C36: =Fantasma!C36 + Pezz!C36 -> 5 | D36: =Fantasma!D36 + Pezz!D36 -> 5 | E36: =Fantasma!E36 + Pezz!E36 -> 5 | F36: =Fantasma!F36 + Pezz!F36 -> 5 | G36: =Fantasma!G36 + Pezz!G36 -> 5 | H36: =Fantasma!H36 + Pezz!H36 -> 5 | ... AI36: =Fantasma!AI36 + Pezz!AI36 -> 2 | AJ36: =Fantasma!AJ36 + Pezz!AJ36 * 0.5 -> 5.5

Sheet Resta
A1: =Fantasma!A1 - Pezz!A1 -> 5 | B1: =Fantasma!B1 - Pezz!B1 -> 5 | C1: =Fantasma!C1 - Pezz!C1 -> 5 | D1: =Fantasma!D1 - Pezz!D1 -> 5 | E1: =Fantasma!E1 - Pezz!E1 -> 5 | F1: =Fantasma!F1 - Pezz!F1 -> 5 | G1: =Fantasma!G1 - Pezz!G1 -> 5 | H1: =Fantasma!H1 - Pezz!H1 -> 5 | ... AJ1: =Fantasma!AJ1 - Pezz!AJ1 -> 4
A2: =Fantasma!A2 - Pezz!A2 -> 5 | B2: =Fantasma!B2 - Pezz!B2 -> 5 | C2: =Fantasma!C2 - Pezz!C2 -> 5 | D2: =Fantasma!D2 - Pezz!D2 -> 5 | E2: =Fantasma!E2 - Pezz!E2 -> 5 | F2: =Fantasma!F2 - Pezz!F2 -> 5 | G2: =Fantasma!G2 - Pezz!G2 -> 5 | H2: =Fantasma!H2 - Pezz!H2 -> 5 | ... AJ2: =Fantasma!AJ2 - Pezz!AJ2 -> 4
A3: =Fantasma!A3 - Pezz!A3 -> 5 | B3: =Fantasma!B3 - Pezz!B3 -> 5 | C3: =Fantasma!C3 - Pezz!C3 -> 5 | D3: =Fantasma!D3 - Pezz!D3 -> 5 | E3: =Fantasma!E3 - Pezz!E3 -> 5 | F3: =Fantasma!F3 - Pezz!F3 -> 5 | G3: =Fantasma!G3 - Pezz!G3 -> 5 | H3: =Fantasma!H3 - Pezz!H3 -> 5 | ... AJ3: =Fantasma!AJ3 - Pezz!AJ3 -> 4
A4: =Fantasma!A4 - Pezz!A4 -> 5 | B4: =Fantasma!B4 - Pezz!B4 -> 5 | C4: =Fantasma!C4 - Pezz!C4 -> 5 | D4: =Fantasma!D4 - Pezz!D4 -> 5 | E4: =Fantasma!E4 - Pezz!E4 -> 5 | F4: =Fantasma!F4 - Pezz!F4 -> 5 | G4: =Fantasma!G4 - Pezz!G4 -> 5 | H4: =Fantasma!H4 - Pezz!H4 -> 5 | ... AJ4: =Fantasma!AJ4 - Pezz!AJ4 -> 4
A5: =Fantasma!A5 - Pezz!A5 -> 5 | B5: =Fantasma!B5 - Pezz!B5 -> 5 | C5: =Fantasma!C5 - Pezz!C5 -> 5 | D5: =Fantasma!D5 - Pezz!D5 -> 5 | E5: =Fantasma!E5 - Pezz!E5 -> 5 | F5: =Fantasma!F5 - Pezz!F5 -> 5 | G5: =Fantasma!G5 - Pezz!G5 -> 5 | H5: =Fantasma!H5 - Pezz!H5 -> 5 | ... AJ5: =Fantasma!AJ5 - Pezz!AJ5 -> 4
A6: =Fantasma!A6 - Pezz!A6 -> 5 | B6: =Fantasma!B6 - Pezz!B6 -> 5 | C6: =Fantasma!C6 - Pezz!C6 -> 5 | D6: =Fantasma!D6 - Pezz!D6 -> 5 | E6: =Fantasma!E6 - Pezz!E6 -> 5 | F6: =Fantasma!F6 - Pezz!F6 -> 5 | G6: =Fantasma!G6 - Pezz!G6 -> 5 | H6: =Fantasma!H6 - Pezz!H6 -> 5 | ... AJ6: =Fantasma!AJ6 - Pezz!AJ6 -> 4
A7: =Fantasma!A7 - Pezz!A7 -> 5 | B7: =Fantasma!B7 - Pezz!B7 -> 5 | C7: =Fantasma!C7 - Pezz!C7 -> 5 | D7: =Fantasma!D7 - Pezz!D7 -> 4 | E7: =Fantasma!E7 - Pezz!E7 -> 5 | F7: =Fantasma!F7 - Pezz!F7 -> 4 | G7: =Fantasma!G7 - Pezz!G7 -> 5 | H7: =Fantasma!H7 - Pezz!H7 -> 5 | ... AJ7: =Fantasma!AJ7 - Pezz!AJ7 -> 4
A8: =Fantasma!A8 - Pezz!A8 -> 5 | B8: =Fantasma!B8 - Pezz!B8 -> 5 | C8: =Fantasma!C8 - Pezz!C8 -> 5 | D8: =Fantasma!D8 - Pezz!D8 -> 4 | E8: =Fantasma!E8 - Pezz!E8 -> 4 | F8: =Fantasma!F8 - Pezz!F8 -> 4 | G8: =Fantasma!G8 - Pezz!G8 -> 5 | H8: =Fantasma!H8 - Pezz!H8 -> 4 | ... AJ8: =Fantasma!AJ8 - Pezz!AJ8 -> 4
A9: =Fantasma!A9 - Pezz!A9 -> 5 | B9: =Fantasma!B9 - Pezz!B9 -> 4 | C9: =Fantasma!C9 - Pezz!C9 -> 5 | D9: =Fantasma!D9 - Pezz!D9 -> 5 | E9: =Fantasma!E9 - Pezz!E9 -> 4 | F9: =Fantasma!F9 - Pezz!F9 -> 4 | G9: =Fantasma!G9 - Pezz!G9 -> 4 | H9: =Fantasma!H9 - Pezz!H9 -> 4 | ... AJ9: =Fantasma!AJ9 - Pezz!AJ9 -> 4
A10: =Fantasma!A10 - Pezz!A10 -> 5 | B10: =Fantasma!B10 - Pezz!B10 -> 4 | C10: =Fantasma!C10 - Pezz!C10 -> 4 | D10: =Fantasma!D10 - Pezz!D10 -> 5 | E10: =Fantasma!E10 - Pezz!E10 -> 4 | F10: =Fantasma!F10 - Pezz!F10 -> 4 | G10: =Fantasma!G10 - Pezz!G10 -> 4 | H10: =Fantasma!H10 - Pezz!H10 -> 4 | ... AJ10: =Fantasma!AJ10 - Pezz!AJ10 -> 4
A11: =Fantasma!A11 - Pezz!A11 -> 5 | B11: =Fantasma!B11 - Pezz!B11 -> 5 | C11: =Fantasma!C11 - Pezz!C11 -> 4 | D11: =Fantasma!D11 - Pezz!D11 -> 5 | E11: =Fantasma!E11 - Pezz!E11 -> 5 | F11: =Fantasma!F11 - Pezz!F11 -> 4 | G11: =Fantasma!G11 - Pezz!G11 -> 4 | H11: =Fantasma!H11 - Pezz!H11 -> 5 | ... AJ11: =Fantasma!AJ11 - Pezz!AJ11 -> 4
A12: =Fantasma!A12 - Pezz!A12 -> 5 | B12: =Fantasma!B12 - Pezz!B12 -> 5 | C12: =Fantasma!C12 - Pezz!C12 -> 4 | D12: =Fantasma!D12 - Pezz!D12 -> 4 | E12: =Fantasma!E12 - Pezz!E12 -> 5 | F12: =Fantasma!F12 - Pezz!F12 -> 0 | G12: =Fantasma!G12 - Pezz!G12 -> 0 | H12: =Fantasma!H12 - Pezz!H12 -> 1 | ... AJ12: =Fantasma!AJ12 - Pezz!AJ12 -> 4
... A36: =Fantasma!A36 - Pezz!A36 -> 5 | B36: =Fantasma!B36 - Pezz!B36 -> 5 | C36: =Fantasma!C36 - Pezz!C36 -> 5 | D36: =Fantasma!D36 - Pezz!D36 -> 5 | E36: =Fantasma!E36 - Pezz!E36 -> 5 | F36: =Fantasma!F36 - Pezz!F36 -> 5 | G36: =Fantasma!G36 - Pezz!G36 -> 5 | H36: =Fantasma!H36 - Pezz!H36 -> 5 | ... AJ36: =Fantasma!AJ36 - Pezz!AJ36 -> 4

Sheet Escalar
A1: =3 * Lucario!A1 -> 0 | B1: =3 * Lucario!B1 -> 0 | C1: =3 * Lucario!C1 -> 0 | D1: =3 * Lucario!D1 -> 0 | E1: =3 * Lucario!E1 -> 0 | F1: =3 * Lucario!F1 -> 0 | G1: =3 * Lucario!G1 -> 0 | H1: =3 * Lucario!H1 -> 0 | ... AJ1: =3 * Lucario!AJ1 -> 0
A2: =3 * Lucario!A2 -> 0 | B2: =3 * Lucario!B2 -> 0 | C2: =3 * Lucario!C2 -> 0 | D2: =3 * Lucario!D2 -> 0 | E2: =3 * Lucario!E2 -> 0 | F2: =3 * Lucario!F2 -> 0 | G2: =3 * Lucario!G2 -> 0 | H2: =3 * Lucario!H2 -> 0 | ... AJ2: =3 * Lucario!AJ2 -> 0
A3: =3 * Lucario!A3 -> 0 | B3: =3 * Lucario!B3 -> 0 | C3: =3 * Lucario!C3 -> 0 | D3: =3 * Lucario!D3 -> 0 | E3: =3 * Lucario!E3 -> 0 | F3: =3 * Lucario!F3 -> 0 | G3: =3 * Lucario!G3 -> 0 | H3: =3 * Lucario!H3 -> 0 | ... AJ3: =3 * Lucario!AJ3 -> 0
A4: =3 * Lucario!A4 -> 0 | B4: =3 * Lucario!B4 -> 0 | C4: =3 * Lucario!C4 -> 0 | D4: =3 * Lucario!D4 -> 0 | E4: =3 * Lucario!E4 -> 0 | F4: =3 * Lucario!F4 -> 0 | G4: =3 * Lucario!G4 -> 0 | H4: =3 * Lucario!H4 -> 0 | ... AJ4: =3 * Lucario!AJ4 -> 0
A5: =3 * Lucario!A5 -> 0 | B5: =3 * Lucario!B5 -> 0 | C5: =3 * Lucario!C5 -> 0 | D5: =3 * Lucario!D5 -> 0 | E5: =3 * Lucario!E5 -> 0 | F5: =3 * Lucario!F5 -> 0 | G5: =3 * Lucario!G5 -> 0 | H5: =3 * Lucario!H5 -> 0 | ... AJ5: =3 * Lucario!AJ5 -> 0
A6: =3 * Lucario!A6 -> 0 | B6: =3 * Lucario!B6 -> 0 | C6: =3 * Lucario!C6 -> 0 | D6: =3 * Lucario!D6 -> 0 | E6: =3 * Lucario!E6 -> 0 | F6: =3 * Lucario!F6 -> 0 | G6: =3 * Lucario!G6 -> 0 | H6: =3 * Lucario!H6 -> 0 | ... AJ6: =3 * Lucario!AJ6 -> 0
A7: =3 * Lucario!A7 -> 0 | B7: =3 * Lucario!B7 -> 0 | C7: =3 * Lucario!C7 -> 0 | D7: =3 * Lucario!D7 -> 0 | E7: =3 * Lucario!E7 -> 0 | F7: =3 * Lucario!F7 -> 0 | G7: =3 * Lucario!G7 -> 0 | H7: =3 * Lucario!H7 -> 0 | ... AJ7: =3 * Lucario!AJ7 -> 0
A8: =3 * Lucario!A8 -> 0 | B8: =3 * Lucario!B8 -> 0 | C8: =3 * Lucario!C8 -> 0 | D8: =3 * Lucario!D8 -> 0 | E8: =3 * Lucario!E8 -> 0 | F8: =3 * Lucario!F8 -> 0 | G8: =3 * Lucario!G8 -> 0 | H8: =3 * Lucario!H8 -> 0 | ... AJ8: =3 * Lucario!AJ8 -> 0
A9: =3 * Lucario!A9 -> 0 | B9: =3 * Lucario!B9 -> 0 | C9: =3 * Lucario!C9 -> 0 | D9: =3 * Lucario!D9 -> 0 | E9: =3 * Lucario!E9 -> 0 | F9: =3 * Lucario!F9 -> 0 | G9: =3 * Lucario!G9 -> 0 | H9: =3 * Lucario!H9 -> 0 | ... AJ9: =3 * Lucario!AJ9 -> 0
A10: =3 * Lucario!A10 -> 0 | B10: =3 * Lucario!B10 -> 0 | C10: =3 * Lucario!C10 -> 0 | D10: =3 * Lucario!D10 -> 0 | E10: =3 * Lucario!E10 -> 0 | F10: =3 * Lucario!F10 -> 0 | G10: =3 * Lucario!G10 -> 0 | H10: =3 * Lucario!H10 -> 0 | ... AJ10: =3 * Lucario!AJ10 -> 0
A11: =3 * Lucario!A11 -> 0 | B11: =3 * Lucario!B11 -> 0 | C11: =3 * Lucario!C11 -> 0 | D11: =3 * Lucario!D11 -> 0 | E11: =3 * Lucario!E11 -> 0 | F11: =3 * Lucario!F11 -> 0 | G11: =3 * Lucario!G11 -> 0 | H11: =3 * Lucario!H11 -> 0 | ... AJ11: =3 * Lucario!AJ11 -> 0
A12: =3 * Lucario!A12 -> 0 | B12: =3 * Lucario!B12 -> 0 | C12: =3 * Lucario!C12 -> 0 | D12: =3 * Lucario!D12 -> 0 | E12: =3 * Lucario!E12 -> 0 | F12: =3 * Lucario!F12 -> 0 | G12: =3 * Lucario!G12 -> 0 | H12: =3 * Lucario!H12 -> 0 | ... AJ12: =3 * Lucario!AJ12 -> 0
... A36: =3 * Lucario!A36 -> 0 | B36: =3 * Lucario!B36 -> 0 | C36: =3 * Lucario!C36 -> 0 | D36: =3 * Lucario!D36 -> 0 | E36: =3 * Lucario!E36 -> 0 | F36: =3 * Lucario!F36 -> 0 | G36: =3 * Lucario!G36 -> 0 | H36: =3 * Lucario!H36 -> 0 | ... AJ36: =3 * Lucario!AJ36 -> 0

Sheet Composición
A1: =IF(Pezz!A1=0, Fantasma!A1, Pezz!A1) -> 5 | B1: =IF(Pezz!B1=0, Fantasma!B1, Pezz!B1) -> 5 | C1: =IF(Pezz!C1=0, Fantasma!C1, Pezz!C1) -> 5 | D1: =IF(Pezz!D1=0, Fantasma!D1, Pezz!D1) -> 5 | E1: =IF(Pezz!E1=0, Fantasma!E1, Pezz!E1) -> 5 | F1: =IF(Pezz!F1=0, Fantasma!F1, Pezz!F1) -> 5 | G1: =IF(Pezz!G1=0, Fantasma!G1, Pezz!G1) -> 5 | H1: =IF(Pezz!H1=0, Fantasma!H1, Pezz!H1) -> 5 | ... AJ1: =IF(Pezz!AJ1=0, Fantasma!AJ1, Pezz!AJ1) -> 1
A2: =IF(Pezz!A2=0, Fantasma!A2, Pezz!A2) -> 5 | B2: =IF(Pezz!B2=0, Fantasma!B2, Pezz!B2) -> 5 | C2: =IF(Pezz!C2=0, Fantasma!C2, Pezz!C2) -> 5 | D2: =IF(Pezz!D2=0, Fantasma!D2, Pezz!D2) -> 5 | E2: =IF(Pezz!E2=0, Fantasma!E2, Pezz!E2) -> 5 | F2: =IF(Pezz!F2=0, Fantasma!F2, Pezz!F2) -> 5 | G2: =IF(Pezz!G2=0, Fantasma!G2, Pezz!G2) -> 5 | H2: =IF(Pezz!H2=0, Fantasma!H2, Pezz!H2) -> 5 | ... AJ2: =IF(Pezz!AJ2=0, Fantasma!AJ2, Pezz!AJ2) -> 1
A3: =IF(Pezz!A3=0, Fantasma!A3, Pezz!A3) -> 5 | B3: =IF(Pezz!B3=0, Fantasma!B3, Pezz!B3) -> 5 | C3: =IF(Pezz!C3=0, Fantasma!C3, Pezz!C3) -> 5 | D3: =IF(Pezz!D3=0, Fantasma!D3, Pezz!D3) -> 5 | E3: =IF(Pezz!E3=0, Fantasma!E3, Pezz!E3) -> 5 | F3: =IF(Pezz!F3=0, Fantasma!F3, Pezz!F3) -> 5 | G3: =IF(Pezz!G3=0, Fantasma!G3, Pezz!G3) -> 5 | H3: =IF(Pezz!H3=0, Fantasma!H3, Pezz!H3) -> 5 | ... AJ3: =IF(Pezz!AJ3=0, Fantasma!AJ3, Pezz!AJ3) -> 1
A4: =IF(Pezz!A4=0, Fantasma!A4, Pezz!A4) -> 5 | B4: =IF(Pezz!B4=0, Fantasma!B4, Pezz!B4) -> 5 | C4: =IF(Pezz!C4=0, Fantasma!C4, Pezz!C4) -> 5 | D4: =IF(Pezz!D4=0, Fantasma!D4, Pezz!D4) -> 5 | E4: =IF(Pezz!E4=0, Fantasma!E4, Pezz!E4) -> 5 | F4: =IF(Pezz!F4=0, Fantasma!F4, Pezz!F4) -> 5 | G4: =IF(Pezz!G4=0, Fantasma!G4, Pezz!G4) -> 5 | H4: =IF(Pezz!H4=0, Fantasma!H4, Pezz!H4) -> 5 | ... AJ4: =IF(Pezz!AJ4=0, Fantasma!AJ4, Pezz!AJ4) -> 1
A5: =IF(Pezz!A5=0, Fantasma!A5, Pezz!A5) -> 5 | B5: =IF(Pezz!B5=0, Fantasma!B5, Pezz!B5) -> 5 | C5: =IF(Pezz!C5=0, Fantasma!C5, Pezz!C5) -> 5 | D5: =IF(Pezz!D5=0, Fantasma!D5, Pezz!D5) -> 5 | E5: =IF(Pezz!E5=0, Fantasma!E5, Pezz!E5) -> 5 | F5: =IF(Pezz!F5=0, Fantasma!F5, Pezz!F5) -> 5 | G5: =IF(Pezz!G5=0, Fantasma!G5, Pezz!G5) -> 5 | H5: =IF(Pezz!H5=0, Fantasma!H5, Pezz!H5) -> 5 | ... AJ5: =IF(Pezz!AJ5=0, Fantasma!AJ5, Pezz!AJ5) -> 1
A6: =IF(Pezz!A6=0, Fantasma!A6, Pezz!A6) -> 5 | B6: =IF(Pezz!B6=0, Fantasma!B6, Pezz!B6) -> 5 | C6: =IF(Pezz!C6=0, Fantasma!C6, Pezz!C6) -> 5 | D6: =IF(Pezz!D6=0, Fantasma!D6, Pezz!D6) -> 5 | E6: =IF(Pezz!E6=0, Fantasma!E6, Pezz!E6) -> 5 | F6: =IF(Pezz!F6=0, Fantasma!F6, Pezz!F6) -> 5 | G6: =IF(Pezz!G6=0, Fantasma!G6, Pezz!G6) -> 5 | H6: =IF(Pezz!H6=0, Fantasma!H6, Pezz!H6) -> 5 | ... AJ6: =IF(Pezz!AJ6=0, Fantasma!AJ6, Pezz!AJ6) -> 1
A7: =IF(Pezz!A7=0, Fantasma!A7, Pezz!A7) -> 5 | B7: =IF(Pezz!B7=0, Fantasma!B7, Pezz!B7) -> 5 | C7: =IF(Pezz!C7=0, Fantasma!C7, Pezz!C7) -> 5 | D7: =IF(Pezz!D7=0, Fantasma!D7, Pezz!D7) -> 1 | E7: =IF(Pezz!E7=0, Fantasma!E7, Pezz!E7) -> 5 | F7: =IF(Pezz!F7=0, Fantasma!F7, Pezz!F7) -> 1 | G7: =IF(Pezz!G7=0, Fantasma!G7, Pezz!G7) -> 5 | H7: =IF(Pezz!H7=0, Fantasma!H7, Pezz!H7) -> 5 | ... AJ7: =IF(Pezz!AJ7=0, Fantasma!AJ7, Pezz!AJ7) -> 1
A8: =IF(Pezz!A8=0, Fantasma!A8, Pezz!A8) -> 5 | B8: =IF(Pezz!B8=0, Fantasma!B8, Pezz!B8) -> 5 | C8: =IF(Pezz!C8=0, Fantasma!C8, Pezz!C8) -> 5 | D8: =IF(Pezz!D8=0, Fantasma!D8, Pezz!D8) -> 1 | E8: =IF(Pezz!E8=0, Fantasma!E8, Pezz!E8) -> 1 | F8: =IF(Pezz!F8=0, Fantasma!F8, Pezz!F8) -> 1 | G8: =IF(Pezz!G8=0, Fantasma!G8, Pezz!G8) -> 5 | H8: =IF(Pezz!H8=0, Fantasma!H8, Pezz!H8) -> 1 | ... AJ8: =IF(Pezz!AJ8=0, Fantasma!AJ8, Pezz!AJ8) -> 1
A9: =IF(Pezz!A9=0, Fantasma!A9, Pezz!A9) -> 5 | B9: =IF(Pezz!B9=0, Fantasma!B9, Pezz!B9) -> 1 | C9: =IF(Pezz!C9=0, Fantasma!C9, Pezz!C9) -> 5 | D9: =IF(Pezz!D9=0, Fantasma!D9, Pezz!D9) -> 5 | E9: =IF(Pezz!E9=0, Fantasma!E9, Pezz!E9) -> 1 | F9: =IF(Pezz!F9=0, Fantasma!F9, Pezz!F9) -> 1 | G9: =IF(Pezz!G9=0, Fantasma!G9, Pezz!G9) -> 1 | H9: =IF(Pezz!H9=0, Fantasma!H9, Pezz!H9) -> 1 | ... AJ9: =IF(Pezz!AJ9=0, Fantasma!AJ9, Pezz!AJ9) -> 1
A10: =IF(Pezz!A10=0, Fantasma!A10, Pezz!A10) -> 5 | B10: =IF(Pezz!B10=0, Fantasma!B10, Pezz!B10) -> 1 | C10: =IF(Pezz!C10=0, Fantasma!C10, Pezz!C10) -> 1 | D10: =IF(Pezz!D10=0, Fantasma!D10, Pezz!D10) -> 5 | E10: =IF(Pezz!E10=0, Fantasma!E10, Pezz!E10) -> 1 | F10: =IF(Pezz!F10=0, Fantasma!F10, Pezz!F10) -> 1 | G10: =IF(Pezz!G10=0, Fantasma!G10, Pezz!G10) -> 1 | H10: =IF(Pezz!H10=0, Fantasma!H10, Pezz!H10) -> 1 | ... AJ10: =IF(Pezz!AJ10=0, Fantasma!AJ10, Pezz!AJ10) -> 1
A11: =IF(Pezz!A11=0, Fantasma!A11, Pezz!A11) -> 5 | B11: =IF(Pezz!B11=0, Fantasma!B11, Pezz!B11) -> 5 | C11: =IF(Pezz!C11=0, Fantasma!C11, Pezz!C11) -> 1 | D11: =IF(Pezz!D11=0, Fantasma!D11, Pezz!D11) -> 5 | E11: =IF(Pezz!E11=0, Fantasma!E11, Pezz!E11) -> 5 | F11: =IF(Pezz!F11=0, Fantasma!F11, Pezz!F11) -> 1 | G11: =IF(Pezz!G11=0, Fantasma!G11, Pezz!G11) -> 1 | H11: =IF(Pezz!H11=0, Fantasma!H11, Pezz!H11) -> 5 | ... AJ11: =IF(Pezz!AJ11=0, Fantasma!AJ11, Pezz!AJ11) -> 1
A12: =IF(Pezz!A12=0, Fantasma!A12, Pezz!A12) -> 5 | B12: =IF(Pezz!B12=0, Fantasma!B12, Pezz!B12) -> 5 | C12: =IF(Pezz!C12=0, Fantasma!C12, Pezz!C12) -> 1 | D12: =IF(Pezz!D12=0, Fantasma!D12, Pezz!D12) -> 1 | E12: =IF(Pezz!E12=0, Fantasma!E12, Pezz!E12) -> 5 | F12: =IF(Pezz!F12=0, Fantasma!F12, Pezz!F12) -> 1 | G12: =IF(Pezz!G12=0, Fantasma!G12, Pezz!G12) -> 1 | H12: =IF(Pezz!H12=0, Fantasma!H12, Pezz!H12) -> 1 | ... AJ12: =IF(Pezz!AJ12=0, Fantasma!AJ12, Pezz!AJ12) -> 1
... A36: =IF(Pezz!A36=0, Fantasma!A36, Pezz!A36) -> 5 | B36: =IF(Pezz!B36=0, Fantasma!B36, Pezz!B36) -> 5 | C36: =IF(Pezz!C36=0, Fantasma!C36, Pezz!C36) -> 5 | D36: =IF(Pezz!D36=0, Fantasma!D36, Pezz!D36) -> 5 | E36: =IF(Pezz!E36=0, Fantasma!E36, Pezz!E36) -> 5 | F36: =IF(Pezz!F36=0, Fantasma!F36, Pezz!F36) -> 5 | G36: =IF(Pezz!G36=0, Fantasma!G36, Pezz!G36) -> 5 | H36: =IF(Pezz!H36=0, Fantasma!H36, Pezz!H36) -> 5 | ... AJ36: =IF(Pezz!AJ36=0, Fantasma!AJ36, Pezz!AJ36) -> 1
